0,1,2,3,4,5,6,7,8,9,10,11,12,13,14,15,16,17,18,19,20,21,22,23,24,25
0,953,,,,,,,,,,,,,,,,,,,,,,,,
0,384,323.0,173.0,383.0,,,,,,,,,,,,,,,,,,,,,
0,86,,,,,,,,,,,,,,,,,,,,,,,,
0,691,271.0,,,,,,,,,,,,,,,,,,,,,,,
0,290,540.0,,,,,,,,,,,,,,,,,,,,,,,
1,291,422.0,390.0,522.0,714.0,748.0,275.0,699.0,28.0,,,,,,,,,,,,,,,,
1,646,905.0,266.0,780.0,533.0,534.0,284.0,31.0,289.0,295.0,429.0,430.0,78.0,471.0,218.0,862.0,876.0,505.0,,,,,,,
1,1850,862.0,1129.0,,,,,,,,,,,,,,,,,,,,,,
1011,2007,,,,,,,,,,,,,,,,,,,,,,,,
2040,1011,,,,,,,,,,,,,,,,,,,,,,,,
2040,1011,,,,,,,,,,,,,,,,,,,,,,,,
2,3151,,,,,,,,,,,,,,,,,,,,,,,,
648,2865,1012.0,,,,,,,,,,,,,,,,,,,,,,,
1012,1349,,,,,,,,,,,,,,,,,,,,,,,,
1500,1013,1725.0,,,,,,,,,,,,,,,,,,,,,,,
1545,1013,1725.0,,,,,,,,,,,,,,,,,,,,,,,
1013,1725,,,,,,,,,,,,,,,,,,,,,,,,
1058,1445,2118.0,1801.0,1236.0,1013.0,1046.0,1500.0,1725.0,,,,,,,,,,,,,,,,,
1744,1380,1733.0,1014.0,,,,,,,,,,,,,,,,,,,,,,
1059,1014,,,,,,,,,,,,,,,,,,,,,,,,
1059,1380,1680.0,1744.0,1014.0,,,,,,,,,,,,,,,,,,,,,
1088,1058,1891.0,1219.0,1860.0,1067.0,1070.0,1015.0,1396.0,1687.0,441.0,1242.0,1500.0,1150.0,,,,,,,,,,,,
1891,1444,1478.0,1015.0,1083.0,,,,,,,,,,,,,,,,,,,,,
1444,1478,1015.0,1083.0,1439.0,,,,,,,,,,,,,,,,,,,,,
1083,1397,1015.0,,,,,,,,,,,,,,,,,,,,,,,
2183,79,,,,,,,,,,,,,,,,,,,,,,,,
32,685,2183.0,,,,,,,,,,,,,,,,,,,,,,,
460,2183,,,,,,,,,,,,,,,,,,,,,,,,
1016,1620,,,,,,,,,,,,,,,,,,,,,,,,
3,295,749.0,304.0,819.0,503.0,120.0,,,,,,,,,,,,,,,,,,,
2184,2306,2261.0,,,,,,,,,,,,,,,,,,,,,,,
2184,2306,2261.0,,,,,,,,,,,,,,,,,,,,,,,
2185,3042,2812.0,,,,,,,,,,,,,,,,,,,,,,,
1624,1017,978.0,1549.0,,,,,,,,,,,,,,,,,,,,,,
1017,326,,,,,,,,,,,,,,,,,,,,,,,,
739,4,294.0,,,,,,,,,,,,,,,,,,,,,,,
646,2091,780.0,1019.0,30.0,,,,,,,,,,,,,,,,,,,,,
97,5,329.0,274.0,916.0,661.0,,,,,,,,,,,,,,,,,,,,
97,5,329.0,274.0,916.0,661.0,,,,,,,,,,,,,,,,,,,,
329,5,661.0,,,,,,,,,,,,,,,,,,,,,,,
5,661,,,,,,,,,,,,,,,,,,,,,,,,
97,5,63.0,,,,,,,,,,,,,,,,,,,,,,,
1896,1021,,,,,,,,,,,,,,,,,,,,,,,,
643,6,,,,,,,,,,,,,,,,,,,,,,,,
643,6,,,,,,,,,,,,,,,,,,,,,,,,
1024,1077,,,,,,,,,,,,,,,,,,,,,,,,
514,867,677.0,8.0,44.0,14.0,270.0,431.0,308.0,341.0,925.0,478.0,,,,,,,,,,,,,,
8,308,,,,,,,,,,,,,,,,,,,,,,,,
2105,1634,1029.0,1695.0,,,,,,,,,,,,,,,,,,,,,,
1401,1029,,,,,,,,,,,,,,,,,,,,,,,,
1538,1029,1141.0,1911.0,,,,,,,,,,,,,,,,,,,,,,
2128,1941,1030.0,,,,,,,,,,,,,,,,,,,,,,,
1794,2003,1031.0,1930.0,,,,,,,,,,,,,,,,,,,,,,
961,1645,1031.0,,,,,,,,,,,,,,,,,,,,,,,
1488,1031,,,,,,,,,,,,,,,,,,,,,,,,
568,9,583.0,,,,,,,,,,,,,,,,,,,,,,,
385,386,387.0,932.0,933.0,584.0,9.0,654.0,847.0,,,,,,,,,,,,,,,,,
9,290,33.0,,,,,,,,,,,,,,,,,,,,,,,
9,753,,,,,,,,,,,,,,,,,,,,,,,,
9,398,,,,,,,,,,,,,,,,,,,,,,,,
824,9,933.0,158.0,,,,,,,,,,,,,,,,,,,,,,
434,11,,,,,,,,,,,,,,,,,,,,,,,,
11,204,,,,,,,,,,,,,,,,,,,,,,,,
1033,1946,1363.0,2014.0,,,,,,,,,,,,,,,,,,,,,,
1033,2015,,,,,,,,,,,,,,,,,,,,,,,,
1033,2014,,,,,,,,,,,,,,,,,,,,,,,,
1035,1054,,,,,,,,,,,,,,,,,,,,,,,,
1037,1615,,,,,,,,,,,,,,,,,,,,,,,,
1040,1037,,,,,,,,,,,,,,,,,,,,,,,,
1411,1475,1037.0,1040.0,1042.0,1047.0,,,,,,,,,,,,,,,,,,,,
2196,972,,,,,,,,,,,,,,,,,,,,,,,,
2196,972,2901.0,55.0,,,,,,,,,,,,,,,,,,,,,,
1776,1769,1090.0,1038.0,,,,,,,,,,,,,,,,,,,,,,
1776,1769,1090.0,1038.0,,,,,,,,,,,,,,,,,,,,,,
1090,1924,1038.0,1776.0,1107.0,1174.0,,,,,,,,,,,,,,,,,,,,
57,1038,2119.0,,,,,,,,,,,,,,,,,,,,,,,
57,1038,1047.0,,,,,,,,,,,,,,,,,,,,,,,
57,1636,1038.0,,,,,,,,,,,,,,,,,,,,,,,
57,1038,,,,,,,,,,,,,,,,,,,,,,,,
1937,1850,862.0,1039.0,,,,,,,,,,,,,,,,,,,,,,
1040,1599,,,,,,,,,,,,,,,,,,,,,,,,
1040,1371,1076.0,1599.0,,,,,,,,,,,,,,,,,,,,,,
1041,1307,1475.0,1119.0,,,,,,,,,,,,,,,,,,,,,,
1667,1543,2202.0,79.0,3153.0,3028.0,3162.0,828.0,,,,,,,,,,,,,,,,,,
1664,1279,1895.0,1006.0,882.0,179.0,3028.0,887.0,88.0,2202.0,31.0,,,,,,,,,,,,,,,
609,34,1667.0,37.0,1543.0,462.0,79.0,3028.0,278.0,2202.0,,,,,,,,,,,,,,,,
609,2202,3028.0,79.0,,,,,,,,,,,,,,,,,,,,,,
1042,1615,,,,,,,,,,,,,,,,,,,,,,,,
1634,1043,,,,,,,,,,,,,,,,,,,,,,,,
1634,1043,2139.0,1695.0,,,,,,,,,,,,,,,,,,,,,,
1634,1894,1351.0,1043.0,1116.0,,,,,,,,,,,,,,,,,,,,,
1481,1634,1043.0,1116.0,,,,,,,,,,,,,,,,,,,,,,
1634,1043,,,,,,,,,,,,,,,,,,,,,,,,
1892,1044,,,,,,,,,,,,,,,,,,,,,,,,
1045,1470,,,,,,,,,,,,,,,,,,,,,,,,
2080,1705,1045.0,1470.0,,,,,,,,,,,,,,,,,,,,,,
2080,1916,1045.0,1470.0,,,,,,,,,,,,,,,,,,,,,,
1886,1470,1045.0,1870.0,,,,,,,,,,,,,,,,,,,,,,
2080,2002,1045.0,1470.0,,,,,,,,,,,,,,,,,,,,,,
2002,1045,1470.0,,,,,,,,,,,,,,,,,,,,,,,
2050,1542,1423.0,1045.0,1143.0,1470.0,,,,,,,,,,,,,,,,,,,,
2003,1045,1470.0,,,,,,,,,,,,,,,,,,,,,,,
2657,1125,1902.0,1046.0,1532.0,,,,,,,,,,,,,,,,,,,,,
2657,1125,1902.0,1046.0,1532.0,,,,,,,,,,,,,,,,,,,,,
2658,1532,1046.0,,,,,,,,,,,,,,,,,,,,,,,
1690,1125,1046.0,,,,,,,,,,,,,,,,,,,,,,,
57,1047,,,,,,,,,,,,,,,,,,,,,,,,
1047,1599,,,,,,,,,,,,,,,,,,,,,,,,
2034,1047,1775.0,,,,,,,,,,,,,,,,,,,,,,,
3099,2206,,,,,,,,,,,,,,,,,,,,,,,,
1050,172,1524.0,,,,,,,,,,,,,,,,,,,,,,,
1057,1050,1787.0,1524.0,,,,,,,,,,,,,,,,,,,,,,
12,502,655.0,,,,,,,,,,,,,,,,,,,,,,,
1740,12,,,,,,,,,,,,,,,,,,,,,,,,
364,12,799.0,,,,,,,,,,,,,,,,,,,,,,,
1890,1636,1253.0,57.0,1051.0,,,,,,,,,,,,,,,,,,,,,
2210,1707,3085.0,,,,,,,,,,,,,,,,,,,,,,,
969,2210,1063.0,,,,,,,,,,,,,,,,,,,,,,,
1066,1055,,,,,,,,,,,,,,,,,,,,,,,,
1066,1055,,,,,,,,,,,,,,,,,,,,,,,,
1066,1055,,,,,,,,,,,,,,,,,,,,,,,,
691,13,,,,,,,,,,,,,,,,,,,,,,,,
16,497,822.0,472.0,542.0,,,,,,,,,,,,,,,,,,,,,
1634,2213,,,,,,,,,,,,,,,,,,,,,,,,
3235,2214,,,,,,,,,,,,,,,,,,,,,,,,
1680,1059,1380.0,1744.0,,,,,,,,,,,,,,,,,,,,,,
18,604,847.0,,,,,,,,,,,,,,,,,,,,,,,
20,663,,,,,,,,,,,,,,,,,,,,,,,,
1864,1060,,,,,,,,,,,,,,,,,,,,,,,,
100,934,679.0,390.0,551.0,1005.0,21.0,439.0,,,,,,,,,,,,,,,,,,
698,390,22.0,,,,,,,,,,,,,,,,,,,,,,,
1008,390,22.0,,,,,,,,,,,,,,,,,,,,,,,
422,522,554.0,275.0,22.0,,,,,,,,,,,,,,,,,,,,,
598,22,,,,,,,,,,,,,,,,,,,,,,,,
390,616,268.0,699.0,22.0,439.0,698.0,123.0,701.0,766.0,,,,,,,,,,,,,,,,
390,22,,,,,,,,,,,,,,,,,,,,,,,,
2489,2219,,,,,,,,,,,,,,,,,,,,,,,,
2242,738,3080.0,441.0,2221.0,2745.0,31.0,,,,,,,,,,,,,,,,,,,
2745,2221,,,,,,,,,,,,,,,,,,,,,,,,
53,23,,,,,,,,,,,,,,,,,,,,,,,,
23,855,,,,,,,,,,,,,,,,,,,,,,,,
24,297,471.0,,,,,,,,,,,,,,,,,,,,,,,
769,903,263.0,905.0,266.0,460.0,24.0,,,,,,,,,,,,,,,,,,,
24,378,,,,,,,,,,,,,,,,,,,,,,,,
99,164,518.0,423.0,552.0,588.0,24.0,,,,,,,,,,,,,,,,,,,
1707,1063,,,,,,,,,,,,,,,,,,,,,,,,
2222,2566,,,,,,,,,,,,,,,,,,,,,,,,
1764,1064,1900.0,1230.0,795.0,1918.0,1727.0,,,,,,,,,,,,,,,,,,,
296,265,461.0,338.0,276.0,372.0,505.0,25.0,,,,,,,,,,,,,,,,,,
888,25,,,,,,,,,,,,,,,,,,,,,,,,
296,265,561.0,338.0,276.0,372.0,537.0,25.0,,,,,,,,,,,,,,,,,,
25,291,,,,,,,,,,,,,,,,,,,,,,,,
265,461,338.0,276.0,372.0,25.0,,,,,,,,,,,,,,,,,,,,
2224,2558,3022.0,,,,,,,,,,,,,,,,,,,,,,,
27,940,,,,,,,,,,,,,,,,,,,,,,,,
1065,2027,,,,,,,,,,,,,,,,,,,,,,,,
1568,739,1226.0,1068.0,592.0,,,,,,,,,,,,,,,,,,,,,
32,1568,739.0,615.0,392.0,1226.0,1068.0,685.0,,,,,,,,,,,,,,,,,,
2232,3033,3202.0,,,,,,,,,,,,,,,,,,,,,,,
2232,3057,3202.0,2540.0,,,,,,,,,,,,,,,,,,,,,,
2232,2322,3202.0,,,,,,,,,,,,,,,,,,,,,,,
2233,2591,,,,,,,,,,,,,,,,,,,,,,,,
2233,339,,,,,,,,,,,,,,,,,,,,,,,,
1733,1071,,,,,,,,,,,,,,,,,,,,,,,,
28,748,422.0,,,,,,,,,,,,,,,,,,,,,,,
67,422,999.0,390.0,998.0,522.0,714.0,748.0,28.0,275.0,184.0,699.0,956.0,,,,,,,,,,,,,
67,422,999.0,998.0,522.0,714.0,748.0,275.0,699.0,28.0,,,,,,,,,,,,,,,,
291,422,999.0,390.0,998.0,522.0,554.0,714.0,748.0,48.0,275.0,184.0,442.0,699.0,28.0,,,,,,,,,,,
469,956,28.0,422.0,,,,,,,,,,,,,,,,,,,,,,
422,999,714.0,522.0,748.0,275.0,699.0,28.0,,,,,,,,,,,,,,,,,,
2236,1431,,,,,,,,,,,,,,,,,,,,,,,,
2148,780,30.0,,,,,,,,,,,,,,,,,,,,,,,
1788,780,30.0,,,,,,,,,,,,,,,,,,,,,,,
1766,646,1740.0,780.0,179.0,30.0,31.0,,,,,,,,,,,,,,,,,,,
646,1383,780.0,1649.0,179.0,567.0,30.0,,,,,,,,,,,,,,,,,,,
2066,780,1165.0,30.0,,,,,,,,,,,,,,,,,,,,,,
1664,1895,780.0,179.0,30.0,,,,,,,,,,,,,,,,,,,,,
1374,1989,646.0,780.0,1979.0,30.0,,,,,,,,,,,,,,,,,,,,
1073,179,1220.0,471.0,,,,,,,,,,,,,,,,,,,,,,
793,29,,,,,,,,,,,,,,,,,,,,,,,,
792,793,29.0,,,,,,,,,,,,,,,,,,,,,,,
793,1708,29.0,,,,,,,,,,,,,,,,,,,,,,,
792,793,29.0,,,,,,,,,,,,,,,,,,,,,,,
31,471,,,,,,,,,,,,,,,,,,,,,,,,
266,179,31.0,,,,,,,,,,,,,,,,,,,,,,,
218,876,31.0,1863.0,,,,,,,,,,,,,,,,,,,,,,
1357,31,,,,,,,,,,,,,,,,,,,,,,,,
31,471,,,,,,,,,,,,,,,,,,,,,,,,
179,31,,,,,,,,,,,,,,,,,,,,,,,,
1667,31,,,,,,,,,,,,,,,,,,,,,,,,
31,295,,,,,,,,,,,,,,,,,,,,,,,,
2082,2083,31.0,,,,,,,,,,,,,,,,,,,,,,,
1075,1387,1220.0,471.0,,,,,,,,,,,,,,,,,,,,,,
1613,1078,,,,,,,,,,,,,,,,,,,,,,,,
1078,1599,,,,,,,,,,,,,,,,,,,,,,,,
32,768,685.0,2081.0,,,,,,,,,,,,,,,,,,,,,,
32,769,2494.0,2278.0,905.0,2669.0,1678.0,685.0,1876.0,887.0,1469.0,2686.0,,,,,,,,,,,,,,
32,769,905.0,685.0,1876.0,887.0,2686.0,,,,,,,,,,,,,,,,,,,
390,905,522.0,275.0,285.0,32.0,34.0,547.0,685.0,439.0,184.0,698.0,699.0,700.0,58.0,571.0,572.0,574.0,459.0,85.0,469.0,471.0,482.0,364.0,748.0,887.0
2076,1079,,,,,,,,,,,,,,,,,,,,,,,,
1079,3262,1823.0,,,,,,,,,,,,,,,,,,,,,,,
3262,1079,,,,,,,,,,,,,,,,,,,,,,,,
1080,1657,1583.0,,,,,,,,,,,,,,,,,,,,,,,
1314,1731,1736.0,1359.0,1080.0,1657.0,,,,,,,,,,,,,,,,,,,,
1081,1866,,,,,,,,,,,,,,,,,,,,,,,,
1081,1599,,,,,,,,,,,,,,,,,,,,,,,,
2243,2324,3175.0,,,,,,,,,,,,,,,,,,,,,,,
2243,2324,2507.0,3175.0,,,,,,,,,,,,,,,,,,,,,,
1912,1083,1373.0,,,,,,,,,,,,,,,,,,,,,,,
1083,1180,,,,,,,,,,,,,,,,,,,,,,,,
34,58,390.0,105.0,842.0,717.0,303.0,688.0,698.0,987.0,572.0,,,,,,,,,,,,,,,
34,699,700.0,85.0,,,,,,,,,,,,,,,,,,,,,,
34,1586,1197.0,,,,,,,,,,,,,,,,,,,,,,,
34,547,390.0,459.0,689.0,179.0,152.0,572.0,,,,,,,,,,,,,,,,,,
34,556,573.0,,,,,,,,,,,,,,,,,,,,,,,
2245,3125,,,,,,,,,,,,,,,,,,,,,,,,
2245,3125,,,,,,,,,,,,,,,,,,,,,,,,
2245,3125,,,,,,,,,,,,,,,,,,,,,,,,
1086,1479,,,,,,,,,,,,,,,,,,,,,,,,
35,892,,,,,,,,,,,,,,,,,,,,,,,,
1392,57,1090.0,,,,,,,,,,,,,,,,,,,,,,,
3035,2246,,,,,,,,,,,,,,,,,,,,,,,,
1626,1092,1772.0,,,,,,,,,,,,,,,,,,,,,,,
1724,37,278.0,,,,,,,,,,,,,,,,,,,,,,,
130,37,390.0,523.0,278.0,,,,,,,,,,,,,,,,,,,,,
2858,37,278.0,,,,,,,,,,,,,,,,,,,,,,,
37,517,272.0,278.0,123.0,699.0,574.0,,,,,,,,,,,,,,,,,,,
37,390,373.0,374.0,439.0,278.0,445.0,,,,,,,,,,,,,,,,,,,
37,876,1677.0,79.0,278.0,218.0,,,,,,,,,,,,,,,,,,,,
1977,1093,1637.0,,,,,,,,,,,,,,,,,,,,,,,
2248,3195,2733.0,,,,,,,,,,,,,,,,,,,,,,,
1108,1094,,,,,,,,,,,,,,,,,,,,,,,,
1108,1094,,,,,,,,,,,,,,,,,,,,,,,,
644,39,488.0,298.0,886.0,919.0,,,,,,,,,,,,,,,,,,,,
416,418,230.0,40.0,144.0,822.0,,,,,,,,,,,,,,,,,,,,
40,230,,,,,,,,,,,,,,,,,,,,,,,,
40,230,,,,,,,,,,,,,,,,,,,,,,,,
40,410,230.0,631.0,,,,,,,,,,,,,,,,,,,,,,
40,230,,,,,,,,,,,,,,,,,,,,,,,,
230,40,620.0,623.0,624.0,,,,,,,,,,,,,,,,,,,,,
40,624,230.0,,,,,,,,,,,,,,,,,,,,,,,
1096,2052,1709.0,,,,,,,,,,,,,,,,,,,,,,,
1098,323,,,,,,,,,,,,,,,,,,,,,,,,
416,41,300.0,822.0,281.0,,,,,,,,,,,,,,,,,,,,,
2105,1100,,,,,,,,,,,,,,,,,,,,,,,,
1528,441,1100.0,2105.0,,,,,,,,,,,,,,,,,,,,,,
1972,1101,,,,,,,,,,,,,,,,,,,,,,,,
1102,1959,,,,,,,,,,,,,,,,,,,,,,,,
1673,354,1102.0,1959.0,,,,,,,,,,,,,,,,,,,,,,
868,44,,,,,,,,,,,,,,,,,,,,,,,,
1103,1143,,,,,,,,,,,,,,,,,,,,,,,,
45,734,855.0,,,,,,,,,,,,,,,,,,,,,,,
704,996,45.0,734.0,,,,,,,,,,,,,,,,,,,,,,
2736,2258,2590.0,,,,,,,,,,,,,,,,,,,,,,,
1106,1860,,,,,,,,,,,,,,,,,,,,,,,,
1560,1273,1106.0,,,,,,,,,,,,,,,,,,,,,,,
2833,2259,2724.0,3078.0,,,,,,,,,,,,,,,,,,,,,,
1107,1174,,,,,,,,,,,,,,,,,,,,,,,,
1107,1174,,,,,,,,,,,,,,,,,,,,,,,,
2955,1812,2957.0,2263.0,,,,,,,,,,,,,,,,,,,,,,
2957,2263,,,,,,,,,,,,,,,,,,,,,,,,
2264,3171,2491.0,,,,,,,,,,,,,,,,,,,,,,,
2265,2762,,,,,,,,,,,,,,,,,,,,,,,,
293,872,396.0,397.0,47.0,447.0,,,,,,,,,,,,,,,,,,,,
293,872,396.0,397.0,47.0,447.0,,,,,,,,,,,,,,,,,,,,
218,876,1114.0,2084.0,,,,,,,,,,,,,,,,,,,,,,
483,772,69.0,390.0,747.0,364.0,1004.0,976.0,977.0,51.0,439.0,,,,,,,,,,,,,,,
291,355,773.0,69.0,390.0,745.0,747.0,51.0,285.0,,,,,,,,,,,,,,,,,
745,302,51.0,179.0,437.0,439.0,,,,,,,,,,,,,,,,,,,,
51,291,364.0,390.0,,,,,,,,,,,,,,,,,,,,,,
482,483,390.0,616.0,747.0,364.0,1004.0,1005.0,51.0,439.0,698.0,318.0,,,,,,,,,,,,,,
291,772,69.0,390.0,483.0,805.0,745.0,747.0,364.0,1004.0,272.0,976.0,977.0,51.0,437.0,439.0,408.0,699.0,,,,,,,,
608,483,390.0,332.0,51.0,87.0,439.0,318.0,,,,,,,,,,,,,,,,,,
53,309,,,,,,,,,,,,,,,,,,,,,,,,
2664,2274,1222.0,1799.0,,,,,,,,,,,,,,,,,,,,,,
1120,1818,1206.0,,,,,,,,,,,,,,,,,,,,,,,
1120,1818,1206.0,,,,,,,,,,,,,,,,,,,,,,,
1120,1206,1606.0,,,,,,,,,,,,,,,,,,,,,,,
1120,1206,,,,,,,,,,,,,,,,,,,,,,,,
1120,1560,1256.0,1206.0,,,,,,,,,,,,,,,,,,,,,,
362,972,524.0,55.0,,,,,,,,,,,,,,,,,,,,,,
56,1512,,,,,,,,,,,,,,,,,,,,,,,,
57,290,641.0,,,,,,,,,,,,,,,,,,,,,,,
57,2034,,,,,,,,,,,,,,,,,,,,,,,,
58,364,439.0,,,,,,,,,,,,,,,,,,,,,,,
2843,2276,86.0,,,,,,,,,,,,,,,,,,,,,,,
422,469,184.0,443.0,60.0,,,,,,,,,,,,,,,,,,,,,
2278,2494,1678.0,,,,,,,,,,,,,,,,,,,,,,,
2278,2494,1678.0,,,,,,,,,,,,,,,,,,,,,,,
905,2494,2278.0,,,,,,,,,,,,,,,,,,,,,,,
61,943,,,,,,,,,,,,,,,,,,,,,,,,
673,801,390.0,905.0,297.0,1004.0,754.0,566.0,471.0,668.0,62.0,,,,,,,,,,,,,,,
1128,1456,,,,,,,,,,,,,,,,,,,,,,,,
1129,905,862.0,,,,,,,,,,,,,,,,,,,,,,,
1131,1883,1884.0,1646.0,,,,,,,,,,,,,,,,,,,,,,
64,682,795.0,,,,,,,,,,,,,,,,,,,,,,,
64,682,279.0,,,,,,,,,,,,,,,,,,,,,,,
64,704,643.0,682.0,203.0,498.0,,,,,,,,,,,,,,,,,,,,
64,866,612.0,488.0,682.0,115.0,600.0,,,,,,,,,,,,,,,,,,,
65,291,266.0,566.0,88.0,,,,,,,,,,,,,,,,,,,,,
67,390,998.0,105.0,987.0,830.0,,,,,,,,,,,,,,,,,,,,
1542,1134,2006.0,1655.0,1916.0,,,,,,,,,,,,,,,,,,,,,
1984,1986,867.0,677.0,678.0,1135.0,1720.0,2136.0,1630.0,,,,,,,,,,,,,,,,,
1136,201,108.0,1577.0,,,,,,,,,,,,,,,,,,,,,,
2049,1223,2121.0,1137.0,1203.0,1972.0,,,,,,,,,,,,,,,,,,,,
2285,2615,,,,,,,,,,,,,,,,,,,,,,,,
1632,1633,1138.0,2168.0,441.0,1851.0,,,,,,,,,,,,,,,,,,,,
1632,1138,2168.0,441.0,1851.0,,,,,,,,,,,,,,,,,,,,,
70,659,979.0,631.0,986.0,,,,,,,,,,,,,,,,,,,,,
930,71,938.0,940.0,506.0,,,,,,,,,,,,,,,,,,,,,
339,916,77.0,735.0,,,,,,,,,,,,,,,,,,,,,,
1145,1842,1716.0,,,,,,,,,,,,,,,,,,,,,,,
505,533,78.0,862.0,,,,,,,,,,,,,,,,,,,,,,
2891,2299,,,,,,,,,,,,,,,,,,,,,,,,
354,2299,,,,,,,,,,,,,,,,,,,,,,,,
1147,1743,,,,,,,,,,,,,,,,,,,,,,,,
1312,1354,79.0,1743.0,1938.0,,,,,,,,,,,,,,,,,,,,,
272,364,390.0,79.0,,,,,,,,,,,,,,,,,,,,,,
79,1175,,,,,,,,,,,,,,,,,,,,,,,,
539,86,79.0,,,,,,,,,,,,,,,,,,,,,,,
1148,1533,,,,,,,,,,,,,,,,,,,,,,,,
450,1148,1533.0,,,,,,,,,,,,,,,,,,,,,,,
1150,1509,1646.0,421.0,,,,,,,,,,,,,,,,,,,,,,
1506,1150,,,,,,,,,,,,,,,,,,,,,,,,
353,1150,1646.0,1687.0,,,,,,,,,,,,,,,,,,,,,,
1150,1687,,,,,,,,,,,,,,,,,,,,,,,,
1242,1150,,,,,,,,,,,,,,,,,,,,,,,,
1151,695,,,,,,,,,,,,,,,,,,,,,,,,
1151,695,,,,,,,,,,,,,,,,,,,,,,,,
2312,3147,3150.0,,,,,,,,,,,,,,,,,,,,,,,
84,495,,,,,,,,,,,,,,,,,,,,,,,,
390,522,1004.0,275.0,85.0,698.0,699.0,700.0,349.0,,,,,,,,,,,,,,,,,
1153,1516,1438.0,,,,,,,,,,,,,,,,,,,,,,,
1153,1516,1438.0,,,,,,,,,,,,,,,,,,,,,,,
1153,1585,,,,,,,,,,,,,,,,,,,,,,,,
1634,86,263.0,,,,,,,,,,,,,,,,,,,,,,,
471,780,272.0,373.0,86.0,887.0,,,,,,,,,,,,,,,,,,,,
780,86,471.0,,,,,,,,,,,,,,,,,,,,,,,
86,263,,,,,,,,,,,,,,,,,,,,,,,,
297,262,86.0,471.0,,,,,,,,,,,,,,,,,,,,,,
460,780,86.0,,,,,,,,,,,,,,,,,,,,,,,
1158,1994,1708.0,2004.0,2006.0,,,,,,,,,,,,,,,,,,,,,
628,2004,1158.0,,,,,,,,,,,,,,,,,,,,,,,
1158,2004,2006.0,,,,,,,,,,,,,,,,,,,,,,,
291,483,390.0,460.0,88.0,,,,,,,,,,,,,,,,,,,,,
1678,1998,1999.0,887.0,88.0,1850.0,,,,,,,,,,,,,,,,,,,,
88,1850,887.0,,,,,,,,,,,,,,,,,,,,,,,
1678,887,1976.0,1850.0,88.0,,,,,,,,,,,,,,,,,,,,,
88,1678,,,,,,,,,,,,,,,,,,,,,,,,
1880,1852,1159.0,,,,,,,,,,,,,,,,,,,,,,,
1451,1573,1159.0,,,,,,,,,,,,,,,,,,,,,,,
1160,2083,,,,,,,,,,,,,,,,,,,,,,,,
89,788,,,,,,,,,,,,,,,,,,,,,,,,
89,546,986.0,,,,,,,,,,,,,,,,,,,,,,,
2877,2878,2319.0,,,,,,,,,,,,,,,,,,,,,,,
2320,218,876.0,,,,,,,,,,,,,,,,,,,,,,,
2919,876,2509.0,2320.0,218.0,,,,,,,,,,,,,,,,,,,,,
2322,2613,,,,,,,,,,,,,,,,,,,,,,,,
2595,2325,,,,,,,,,,,,,,,,,,,,,,,,
1168,1707,,,,,,,,,,,,,,,,,,,,,,,,
1168,1751,,,,,,,,,,,,,,,,,,,,,,,,
2328,1667,,,,,,,,,,,,,,,,,,,,,,,,
1812,2955,2948.0,2332.0,,,,,,,,,,,,,,,,,,,,,,
1905,1175,,,,,,,,,,,,,,,,,,,,,,,,
1385,2174,1175.0,,,,,,,,,,,,,,,,,,,,,,,
2174,1175,,,,,,,,,,,,,,,,,,,,,,,,
1176,2969,,,,,,,,,,,,,,,,,,,,,,,,
2832,2335,,,,,,,,,,,,,,,,,,,,,,,,
97,916,,,,,,,,,,,,,,,,,,,,,,,,
1944,1178,1870.0,,,,,,,,,,,,,,,,,,,,,,,
99,264,396.0,814.0,847.0,816.0,764.0,,,,,,,,,,,,,,,,,,,
1838,1835,1755.0,1183.0,,,,,,,,,,,,,,,,,,,,,,
1834,1755,1838.0,1183.0,,,,,,,,,,,,,,,,,,,,,,
378,2339,,,,,,,,,,,,,,,,,,,,,,,,
2339,947,,,,,,,,,,,,,,,,,,,,,,,,
179,780,102.0,,,,,,,,,,,,,,,,,,,,,,,
876,725,2340.0,,,,,,,,,,,,,,,,,,,,,,,
992,218,876.0,2340.0,,,,,,,,,,,,,,,,,,,,,,
104,589,,,,,,,,,,,,,,,,,,,,,,,,
104,589,,,,,,,,,,,,,,,,,,,,,,,,
104,691,589.0,,,,,,,,,,,,,,,,,,,,,,,
104,589,,,,,,,,,,,,,,,,,,,,,,,,
1944,1185,1870.0,,,,,,,,,,,,,,,,,,,,,,,
1186,2050,1461.0,,,,,,,,,,,,,,,,,,,,,,,
2344,2552,2624.0,3228.0,,,,,,,,,,,,,,,,,,,,,,
2344,3228,3293.0,,,,,,,,,,,,,,,,,,,,,,,
2345,3269,,,,,,,,,,,,,,,,,,,,,,,,
201,514,108.0,838.0,,,,,,,,,,,,,,,,,,,,,,
201,108,1494.0,,,,,,,,,,,,,,,,,,,,,,,
2347,1005,,,,,,,,,,,,,,,,,,,,,,,,
1193,1966,,,,,,,,,,,,,,,,,,,,,,,,
2050,1193,1966.0,2006.0,1980.0,2110.0,2111.0,,,,,,,,,,,,,,,,,,,
281,389,110.0,,,,,,,,,,,,,,,,,,,,,,,
2348,2598,,,,,,,,,,,,,,,,,,,,,,,,
390,391,364.0,113.0,439.0,,,,,,,,,,,,,,,,,,,,,
3274,821,1858.0,2351.0,,,,,,,,,,,,,,,,,,,,,,
1841,1202,,,,,,,,,,,,,,,,,,,,,,,,
600,115,,,,,,,,,,,,,,,,,,,,,,,,
1203,2151,,,,,,,,,,,,,,,,,,,,,,,,
1203,1918,,,,,,,,,,,,,,,,,,,,,,,,
2808,2357,,,,,,,,,,,,,,,,,,,,,,,,
1209,1515,,,,,,,,,,,,,,,,,,,,,,,,
448,417,900.0,531.0,822.0,119.0,,,,,,,,,,,,,,,,,,,,
2360,2840,,,,,,,,,,,,,,,,,,,,,,,,
2361,1498,,,,,,,,,,,,,,,,,,,,,,,,
2361,2556,1521.0,,,,,,,,,,,,,,,,,,,,,,,
696,2362,,,,,,,,,,,,,,,,,,,,,,,,
2753,3012,2364.0,,,,,,,,,,,,,,,,,,,,,,,
816,121,643.0,814.0,,,,,,,,,,,,,,,,,,,,,,
390,561,439.0,123.0,699.0,,,,,,,,,,,,,,,,,,,,,
1220,471,,,,,,,,,,,,,,,,,,,,,,,,
1541,1222,1799.0,,,,,,,,,,,,,,,,,,,,,,,
2847,1222,1799.0,,,,,,,,,,,,,,,,,,,,,,,
673,2371,1001.0,,,,,,,,,,,,,,,,,,,,,,,
672,1931,2374.0,,,,,,,,,,,,,,,,,,,,,,,
2375,3071,,,,,,,,,,,,,,,,,,,,,,,,
3212,2375,,,,,,,,,,,,,,,,,,,,,,,,
3212,2375,,,,,,,,,,,,,,,,,,,,,,,,
2376,2573,,,,,,,,,,,,,,,,,,,,,,,,
328,243,916.0,661.0,126.0,,,,,,,,,,,,,,,,,,,,,
1227,2623,,,,,,,,,,,,,,,,,,,,,,,,
130,2139,,,,,,,,,,,,,,,,,,,,,,,,
2378,2684,2682.0,,,,,,,,,,,,,,,,,,,,,,,
2378,2684,2682.0,,,,,,,,,,,,,,,,,,,,,,,
1230,1727,,,,,,,,,,,,,,,,,,,,,,,,
1989,1230,1241.0,1979.0,1727.0,,,,,,,,,,,,,,,,,,,,,
1230,1727,,,,,,,,,,,,,,,,,,,,,,,,
1633,2118,880.0,1236.0,441.0,,,,,,,,,,,,,,,,,,,,,
144,817,418.0,141.0,,,,,,,,,,,,,,,,,,,,,,
144,418,,,,,,,,,,,,,,,,,,,,,,,,
144,417,418.0,416.0,,,,,,,,,,,,,,,,,,,,,,
2866,2395,,,,,,,,,,,,,,,,,,,,,,,,
146,731,493.0,,,,,,,,,,,,,,,,,,,,,,,
325,1509,1701.0,149.0,150.0,917.0,637.0,,,,,,,,,,,,,,,,,,,
325,1509,1701.0,149.0,150.0,917.0,637.0,,,,,,,,,,,,,,,,,,,
1528,2139,1255.0,,,,,,,,,,,,,,,,,,,,,,,
993,429,1254.0,1919.0,,,,,,,,,,,,,,,,,,,,,,
801,1254,782.0,,,,,,,,,,,,,,,,,,,,,,,
1254,1580,1277.0,1366.0,,,,,,,,,,,,,,,,,,,,,,
1264,1642,1416.0,,,,,,,,,,,,,,,,,,,,,,,
608,167,640.0,799.0,,,,,,,,,,,,,,,,,,,,,,
170,615,,,,,,,,,,,,,,,,,,,,,,,,
170,1003,767.0,,,,,,,,,,,,,,,,,,,,,,,
1560,1273,1860.0,,,,,,,,,,,,,,,,,,,,,,,
616,1273,291.0,2686.0,,,,,,,,,,,,,,,,,,,,,,
2416,2721,3262.0,,,,,,,,,,,,,,,,,,,,,,,
505,172,1492.0,,,,,,,,,,,,,,,,,,,,,,,
172,1524,,,,,,,,,,,,,,,,,,,,,,,,
173,838,383.0,,,,,,,,,,,,,,,,,,,,,,,
173,838,383.0,,,,,,,,,,,,,,,,,,,,,,,
672,2420,3165.0,3286.0,,,,,,,,,,,,,,,,,,,,,,
3140,2422,,,,,,,,,,,,,,,,,,,,,,,,
1357,1279,,,,,,,,,,,,,,,,,,,,,,,,
2426,851,3119.0,,,,,,,,,,,,,,,,,,,,,,,
305,178,295.0,,,,,,,,,,,,,,,,,,,,,,,
305,178,295.0,,,,,,,,,,,,,,,,,,,,,,,
305,178,295.0,,,,,,,,,,,,,,,,,,,,,,,
1664,1474,2149.0,1991.0,553.0,1419.0,780.0,2064.0,2161.0,179.0,,,,,,,,,,,,,,,,
3043,3267,2855.0,2641.0,183.0,605.0,,,,,,,,,,,,,,,,,,,,
993,452,381.0,183.0,,,,,,,,,,,,,,,,,,,,,,
2641,3043,183.0,,,,,,,,,,,,,,,,,,,,,,,
184,522,275.0,1416.0,,,,,,,,,,,,,,,,,,,,,,
184,554,,,,,,,,,,,,,,,,,,,,,,,,
748,1460,1526.0,1464.0,184.0,,,,,,,,,,,,,,,,,,,,,
291,390,616.0,184.0,698.0,,,,,,,,,,,,,,,,,,,,,
422,999,616.0,748.0,184.0,699.0,,,,,,,,,,,,,,,,,,,,
184,3253,,,,,,,,,,,,,,,,,,,,,,,,
616,714,522.0,748.0,184.0,699.0,,,,,,,,,,,,,,,,,,,,
390,999,616.0,998.0,522.0,554.0,714.0,748.0,1000.0,275.0,184.0,699.0,,,,,,,,,,,,,,
3272,2434,806.0,,,,,,,,,,,,,,,,,,,,,,,
2813,2438,2711.0,,,,,,,,,,,,,,,,,,,,,,,
192,849,,,,,,,,,,,,,,,,,,,,,,,,
1889,1291,1382.0,1926.0,,,,,,,,,,,,,,,,,,,,,,
1760,1292,,,,,,,,,,,,,,,,,,,,,,,,
1760,1292,,,,,,,,,,,,,,,,,,,,,,,,
202,654,,,,,,,,,,,,,,,,,,,,,,,,
1297,1967,,,,,,,,,,,,,,,,,,,,,,,,
1297,1347,1500.0,,,,,,,,,,,,,,,,,,,,,,,
1297,1967,,,,,,,,,,,,,,,,,,,,,,,,
387,204,,,,,,,,,,,,,,,,,,,,,,,,
2448,2562,,,,,,,,,,,,,,,,,,,,,,,,
416,691,207.0,,,,,,,,,,,,,,,,,,,,,,,
209,719,,,,,,,,,,,,,,,,,,,,,,,,
281,860,2455.0,,,,,,,,,,,,,,,,,,,,,,,
1307,3228,,,,,,,,,,,,,,,,,,,,,,,,
217,591,,,,,,,,,,,,,,,,,,,,,,,,
992,218,266.0,876.0,,,,,,,,,,,,,,,,,,,,,,
218,876,,,,,,,,,,,,,,,,,,,,,,,,
2976,218,876.0,,,,,,,,,,,,,,,,,,,,,,,
1483,1310,,,,,,,,,,,,,,,,,,,,,,,,
2467,1516,,,,,,,,,,,,,,,,,,,,,,,,
245,787,659.0,333.0,,,,,,,,,,,,,,,,,,,,,,
320,741,691.0,659.0,245.0,631.0,729.0,,,,,,,,,,,,,,,,,,,
2112,1338,2050.0,2005.0,,,,,,,,,,,,,,,,,,,,,,
1343,1859,693.0,3183.0,,,,,,,,,,,,,,,,,,,,,,
297,262,471.0,,,,,,,,,,,,,,,,,,,,,,,
291,517,390.0,262.0,553.0,905.0,428.0,364.0,538.0,,,,,,,,,,,,,,,,,
352,2486,,,,,,,,,,,,,,,,,,,,,,,,
263,297,1004.0,471.0,2745.0,,,,,,,,,,,,,,,,,,,,,
2105,283,263.0,,,,,,,,,,,,,,,,,,,,,,,
424,425,263.0,,,,,,,,,,,,,,,,,,,,,,,
263,510,471.0,,,,,,,,,,,,,,,,,,,,,,,
905,263,,,,,,,,,,,,,,,,,,,,,,,,
769,263,,,,,,,,,,,,,,,,,,,,,,,,
643,263,,,,,,,,,,,,,,,,,,,,,,,,
265,338,372.0,276.0,502.0,,,,,,,,,,,,,,,,,,,,,
422,265,3122.0,372.0,445.0,,,,,,,,,,,,,,,,,,,,,
291,265,1004.0,372.0,502.0,,,,,,,,,,,,,,,,,,,,,
664,265,372.0,1004.0,,,,,,,,,,,,,,,,,,,,,,
905,266,780.0,,,,,,,,,,,,,,,,,,,,,,,
905,266,2669.0,,,,,,,,,,,,,,,,,,,,,,,
905,266,,,,,,,,,,,,,,,,,,,,,,,,
1353,1348,1903.0,,,,,,,,,,,,,,,,,,,,,,,
2696,2490,,,,,,,,,,,,,,,,,,,,,,,,
1545,269,,,,,,,,,,,,,,,,,,,,,,,,
1352,1539,,,,,,,,,,,,,,,,,,,,,,,,
1352,1978,,,,,,,,,,,,,,,,,,,,,,,,
272,471,,,,,,,,,,,,,,,,,,,,,,,,
272,338,276.0,,,,,,,,,,,,,,,,,,,,,,,
273,1420,705.0,855.0,,,,,,,,,,,,,,,,,,,,,,
432,273,,,,,,,,,,,,,,,,,,,,,,,,
274,643,,,,,,,,,,,,,,,,,,,,,,,,
274,661,,,,,,,,,,,,,,,,,,,,,,,,
274,661,,,,,,,,,,,,,,,,,,,,,,,,
390,422,999.0,522.0,714.0,748.0,275.0,,,,,,,,,,,,,,,,,,,
999,1000,714.0,522.0,748.0,275.0,,,,,,,,,,,,,,,,,,,,
338,276,,,,,,,,,,,,,,,,,,,,,,,,
338,276,901.0,902.0,,,,,,,,,,,,,,,,,,,,,,
338,276,581.0,,,,,,,,,,,,,,,,,,,,,,,
338,276,,,,,,,,,,,,,,,,,,,,,,,,
338,276,1004.0,,,,,,,,,,,,,,,,,,,,,,,
338,276,901.0,,,,,,,,,,,,,,,,,,,,,,,
2969,279,,,,,,,,,,,,,,,,,,,,,,,,
279,359,,,,,,,,,,,,,,,,,,,,,,,,
2550,3006,279.0,,,,,,,,,,,,,,,,,,,,,,,
1509,326,1701.0,280.0,637.0,,,,,,,,,,,,,,,,,,,,,
326,615,629.0,280.0,985.0,,,,,,,,,,,,,,,,,,,,,
288,326,978.0,280.0,985.0,,,,,,,,,,,,,,,,,,,,,
416,281,822.0,,,,,,,,,,,,,,,,,,,,,,,
1363,1759,,,,,,,,,,,,,,,,,,,,,,,,
1816,1797,1366.0,,,,,,,,,,,,,,,,,,,,,,,
283,460,,,,,,,,,,,,,,,,,,,,,,,,
284,1710,,,,,,,,,,,,,,,,,,,,,,,,
390,373,374.0,439.0,444.0,285.0,445.0,,,,,,,,,,,,,,,,,,,
504,291,547.0,285.0,,,,,,,,,,,,,,,,,,,,,,
285,2943,,,,,,,,,,,,,,,,,,,,,,,,
291,390,373.0,374.0,439.0,285.0,,,,,,,,,,,,,,,,,,,,
608,450,772.0,390.0,842.0,922.0,285.0,,,,,,,,,,,,,,,,,,,
1368,1414,,,,,,,,,,,,,,,,,,,,,,,,
1368,1414,,,,,,,,,,,,,,,,,,,,,,,,
1368,1414,1791.0,,,,,,,,,,,,,,,,,,,,,,,
2546,2499,,,,,,,,,,,,,,,,,,,,,,,,
1460,1374,,,,,,,,,,,,,,,,,,,,,,,,
349,1374,,,,,,,,,,,,,,,,,,,,,,,,
1460,1374,,,,,,,,,,,,,,,,,,,,,,,,
544,286,,,,,,,,,,,,,,,,,,,,,,,,
1376,673,1001.0,1990.0,,,,,,,,,,,,,,,,,,,,,,
520,348,846.0,287.0,,,,,,,,,,,,,,,,,,,,,,
337,287,,,,,,,,,,,,,,,,,,,,,,,,
2651,287,,,,,,,,,,,,,,,,,,,,,,,,
1381,1517,,,,,,,,,,,,,,,,,,,,,,,,
1381,1517,,,,,,,,,,,,,,,,,,,,,,,,
2021,1381,1517.0,,,,,,,,,,,,,,,,,,,,,,,
291,998,999.0,616.0,1000.0,714.0,748.0,,,,,,,,,,,,,,,,,,,
608,291,390.0,364.0,462.0,439.0,799.0,,,,,,,,,,,,,,,,,,,
291,684,,,,,,,,,,,,,,,,,,,,,,,,
291,390,,,,,,,,,,,,,,,,,,,,,,,,
390,291,598.0,,,,,,,,,,,,,,,,,,,,,,,
609,291,390.0,364.0,556.0,,,,,,,,,,,,,,,,,,,,,
291,364,390.0,439.0,,,,,,,,,,,,,,,,,,,,,,
291,547,525.0,,,,,,,,,,,,,,,,,,,,,,,
291,639,799.0,,,,,,,,,,,,,,,,,,,,,,,
291,707,709.0,390.0,483.0,799.0,,,,,,,,,,,,,,,,,,,,
291,772,805.0,390.0,804.0,745.0,747.0,364.0,302.0,699.0,,,,,,,,,,,,,,,,
291,3131,,,,,,,,,,,,,,,,,,,,,,,,
291,926,,,,,,,,,,,,,,,,,,,,,,,,
390,420,292.0,,,,,,,,,,,,,,,,,,,,,,,
2916,1382,,,,,,,,,,,,,,,,,,,,,,,,
396,395,652.0,293.0,,,,,,,,,,,,,,,,,,,,,,
928,293,369.0,691.0,986.0,,,,,,,,,,,,,,,,,,,,,
1649,1383,,,,,,,,,,,,,,,,,,,,,,,,
558,476,742.0,295.0,,,,,,,,,,,,,,,,,,,,,,
295,447,,,,,,,,,,,,,,,,,,,,,,,,
342,770,566.0,295.0,,,,,,,,,,,,,,,,,,,,,,
296,461,,,,,,,,,,,,,,,,,,,,,,,,
296,655,372.0,501.0,502.0,,,,,,,,,,,,,,,,,,,,,
1560,1386,3258.0,,,,,,,,,,,,,,,,,,,,,,,
1388,1437,,,,,,,,,,,,,,,,,,,,,,,,
1456,297,1457.0,471.0,,,,,,,,,,,,,,,,,,,,,,
390,297,747.0,471.0,510.0,,,,,,,,,,,,,,,,,,,,,
2720,3169,3014.0,297.0,373.0,471.0,,,,,,,,,,,,,,,,,,,,
298,919,,,,,,,,,,,,,,,,,,,,,,,,
1853,1391,,,,,,,,,,,,,,,,,,,,,,,,
2514,2979,,,,,,,,,,,,,,,,,,,,,,,,
2515,3134,,,,,,,,,,,,,,,,,,,,,,,,
1956,517,745.0,364.0,302.0,373.0,438.0,699.0,668.0,669.0,,,,,,,,,,,,,,,,
772,805,390.0,745.0,747.0,364.0,302.0,439.0,,,,,,,,,,,,,,,,,,
772,804,745.0,747.0,364.0,302.0,,,,,,,,,,,,,,,,,,,,
688,572,303.0,,,,,,,,,,,,,,,,,,,,,,,
2521,2726,,,,,,,,,,,,,,,,,,,,,,,,
1657,1731,1406.0,,,,,,,,,,,,,,,,,,,,,,,
1731,1735,1736.0,1737.0,1584.0,1657.0,1406.0,,,,,,,,,,,,,,,,,,,
1731,1735,1736.0,1737.0,1657.0,1406.0,,,,,,,,,,,,,,,,,,,,
1731,1406,,,,,,,,,,,,,,,,,,,,,,,,
1657,1731,1985.0,1406.0,,,,,,,,,,,,,,,,,,,,,,
1731,1406,,,,,,,,,,,,,,,,,,,,,,,,
1408,1406,,,,,,,,,,,,,,,,,,,,,,,,
1731,1732,1406.0,,,,,,,,,,,,,,,,,,,,,,,
1731,1735,1737.0,1657.0,1406.0,,,,,,,,,,,,,,,,,,,,,
1657,1731,1406.0,1735.0,,,,,,,,,,,,,,,,,,,,,,
1996,1997,1407.0,,,,,,,,,,,,,,,,,,,,,,,
865,1413,1675.0,1421.0,1519.0,1848.0,,,,,,,,,,,,,,,,,,,,
865,1675,1413.0,,,,,,,,,,,,,,,,,,,,,,,
2525,365,,,,,,,,,,,,,,,,,,,,,,,,
2528,332,,,,,,,,,,,,,,,,,,,,,,,,
2530,311,,,,,,,,,,,,,,,,,,,,,,,,
1416,1481,2105.0,,,,,,,,,,,,,,,,,,,,,,,
1416,769,905.0,2157.0,,,,,,,,,,,,,,,,,,,,,,
1416,769,905.0,,,,,,,,,,,,,,,,,,,,,,,
1416,769,,,,,,,,,,,,,,,,,,,,,,,,
312,313,314.0,,,,,,,,,,,,,,,,,,,,,,,
2531,3020,,,,,,,,,,,,,,,,,,,,,,,,
410,316,982.0,,,,,,,,,,,,,,,,,,,,,,,
3125,2535,,,,,,,,,,,,,,,,,,,,,,,,
481,482,483.0,390.0,616.0,747.0,364.0,1005.0,439.0,318.0,,,,,,,,,,,,,,,,
610,715,716.0,370.0,319.0,,,,,,,,,,,,,,,,,,,,,
1420,3124,,,,,,,,,,,,,,,,,,,,,,,,
3107,1420,855.0,,,,,,,,,,,,,,,,,,,,,,,
1771,1420,,,,,,,,,,,,,,,,,,,,,,,,
1420,855,,,,,,,,,,,,,,,,,,,,,,,,
865,1675,1421.0,,,,,,,,,,,,,,,,,,,,,,,
2050,1704,1423.0,1980.0,1503.0,,,,,,,,,,,,,,,,,,,,,
2050,1423,,,,,,,,,,,,,,,,,,,,,,,,
2000,2049,1423.0,,,,,,,,,,,,,,,,,,,,,,,
1424,1753,1949.0,1752.0,,,,,,,,,,,,,,,,,,,,,,
1450,1426,,,,,,,,,,,,,,,,,,,,,,,,
848,323,,,,,,,,,,,,,,,,,,,,,,,,
2545,1858,1859.0,3103.0,,,,,,,,,,,,,,,,,,,,,,
329,643,916.0,,,,,,,,,,,,,,,,,,,,,,,
329,2591,,,,,,,,,,,,,,,,,,,,,,,,
329,661,,,,,,,,,,,,,,,,,,,,,,,,
416,330,,,,,,,,,,,,,,,,,,,,,,,,
1530,1435,,,,,,,,,,,,,,,,,,,,,,,,
337,846,,,,,,,,,,,,,,,,,,,,,,,,
2784,2553,2785.0,3031.0,,,,,,,,,,,,,,,,,,,,,,
2553,2785,,,,,,,,,,,,,,,,,,,,,,,,
1857,339,,,,,,,,,,,,,,,,,,,,,,,,
2558,3022,,,,,,,,,,,,,,,,,,,,,,,,
810,2559,,,,,,,,,,,,,,,,,,,,,,,,
932,343,,,,,,,,,,,,,,,,,,,,,,,,
344,2571,,,,,,,,,,,,,,,,,,,,,,,,
769,2053,1454.0,,,,,,,,,,,,,,,,,,,,,,,
1827,2052,2054.0,1709.0,1455.0,1878.0,,,,,,,,,,,,,,,,,,,,
2574,615,,,,,,,,,,,,,,,,,,,,,,,,
2025,1550,1456.0,1588.0,1749.0,,,,,,,,,,,,,,,,,,,,,
1458,862,,,,,,,,,,,,,,,,,,,,,,,,
522,1460,,,,,,,,,,,,,,,,,,,,,,,,
522,1460,,,,,,,,,,,,,,,,,,,,,,,,
1648,1706,628.0,1461.0,,,,,,,,,,,,,,,,,,,,,,
753,1461,,,,,,,,,,,,,,,,,,,,,,,,
2006,1461,2110.0,,,,,,,,,,,,,,,,,,,,,,,
348,629,375.0,,,,,,,,,,,,,,,,,,,,,,,
348,981,,,,,,,,,,,,,,,,,,,,,,,,
354,2579,,,,,,,,,,,,,,,,,,,,,,,,
416,354,2579.0,,,,,,,,,,,,,,,,,,,,,,,
354,2580,,,,,,,,,,,,,,,,,,,,,,,,
354,2580,,,,,,,,,,,,,,,,,,,,,,,,
2052,1589,1463.0,,,,,,,,,,,,,,,,,,,,,,,
616,698,349.0,,,,,,,,,,,,,,,,,,,,,,,
616,698,699.0,349.0,,,,,,,,,,,,,,,,,,,,,,
848,629,375.0,985.0,350.0,,,,,,,,,,,,,,,,,,,,,
1465,1770,1918.0,,,,,,,,,,,,,,,,,,,,,,,
352,354,,,,,,,,,,,,,,,,,,,,,,,,
354,2586,781.0,,,,,,,,,,,,,,,,,,,,,,,
2584,354,2586.0,,,,,,,,,,,,,,,,,,,,,,,
2585,2586,,,,,,,,,,,,,,,,,,,,,,,,
363,765,390.0,,,,,,,,,,,,,,,,,,,,,,,
571,364,390.0,,,,,,,,,,,,,,,,,,,,,,,
547,483,390.0,364.0,439.0,926.0,,,,,,,,,,,,,,,,,,,,
547,483,390.0,364.0,439.0,926.0,,,,,,,,,,,,,,,,,,,,
547,483,390.0,364.0,439.0,926.0,,,,,,,,,,,,,,,,,,,,
364,439,1004.0,799.0,,,,,,,,,,,,,,,,,,,,,,
390,364,926.0,439.0,,,,,,,,,,,,,,,,,,,,,,
364,390,439.0,,,,,,,,,,,,,,,,,,,,,,,
364,390,,,,,,,,,,,,,,,,,,,,,,,,
483,517,390.0,364.0,439.0,,,,,,,,,,,,,,,,,,,,,
364,390,,,,,,,,,,,,,,,,,,,,,,,,
390,521,364.0,698.0,699.0,799.0,,,,,,,,,,,,,,,,,,,,
608,483,772.0,773.0,390.0,364.0,946.0,,,,,,,,,,,,,,,,,,,
745,747,364.0,390.0,,,,,,,,,,,,,,,,,,,,,,
483,364,926.0,439.0,,,,,,,,,,,,,,,,,,,,,,
2736,2590,,,,,,,,,,,,,,,,,,,,,,,,
2592,853,,,,,,,,,,,,,,,,,,,,,,,,
2594,2595,,,,,,,,,,,,,,,,,,,,,,,,
370,1870,,,,,,,,,,,,,,,,,,,,,,,,
1601,1473,,,,,,,,,,,,,,,,,,,,,,,,
2064,1474,,,,,,,,,,,,,,,,,,,,,,,,
373,2669,,,,,,,,,,,,,,,,,,,,,,,,
763,373,,,,,,,,,,,,,,,,,,,,,,,,
3169,373,,,,,,,,,,,,,,,,,,,,,,,,
897,2599,,,,,,,,,,,,,,,,,,,,,,,,
378,1851,,,,,,,,,,,,,,,,,,,,,,,,
2600,2998,3087.0,,,,,,,,,,,,,,,,,,,,,,,
1660,1525,1479.0,,,,,,,,,,,,,,,,,,,,,,,
2010,2011,1479.0,1879.0,,,,,,,,,,,,,,,,,,,,,,
2603,2652,,,,,,,,,,,,,,,,,,,,,,,,
2704,2603,,,,,,,,,,,,,,,,,,,,,,,,
953,969,381.0,,,,,,,,,,,,,,,,,,,,,,,
381,798,,,,,,,,,,,,,,,,,,,,,,,,
1842,1843,1493.0,,,,,,,,,,,,,,,,,,,,,,,
2616,2618,2614.0,,,,,,,,,,,,,,,,,,,,,,,
2616,2619,,,,,,,,,,,,,,,,,,,,,,,,
584,385,932.0,,,,,,,,,,,,,,,,,,,,,,,
386,932,584.0,618.0,654.0,794.0,,,,,,,,,,,,,,,,,,,,
753,788,389.0,388.0,,,,,,,,,,,,,,,,,,,,,,
973,389,,,,,,,,,,,,,,,,,,,,,,,,
756,389,,,,,,,,,,,,,,,,,,,,,,,,
389,767,,,,,,,,,,,,,,,,,,,,,,,,
3020,389,,,,,,,,,,,,,,,,,,,,,,,,
616,1001,1004.0,390.0,,,,,,,,,,,,,,,,,,,,,,
440,390,,,,,,,,,,,,,,,,,,,,,,,,
699,390,,,,,,,,,,,,,,,,,,,,,,,,
554,390,414.0,439.0,,,,,,,,,,,,,,,,,,,,,,
658,390,,,,,,,,,,,,,,,,,,,,,,,,
698,699,390.0,,,,,,,,,,,,,,,,,,,,,,,
699,390,,,,,,,,,,,,,,,,,,,,,,,,
456,390,927.0,,,,,,,,,,,,,,,,,,,,,,,
390,598,,,,,,,,,,,,,,,,,,,,,,,,
699,390,,,,,,,,,,,,,,,,,,,,,,,,
699,390,,,,,,,,,,,,,,,,,,,,,,,,
390,582,,,,,,,,,,,,,,,,,,,,,,,,
963,390,439.0,,,,,,,,,,,,,,,,,,,,,,,
681,390,,,,,,,,,,,,,,,,,,,,,,,,
681,390,,,,,,,,,,,,,,,,,,,,,,,,
681,390,,,,,,,,,,,,,,,,,,,,,,,,
390,799,,,,,,,,,,,,,,,,,,,,,,,,
390,439,,,,,,,,,,,,,,,,,,,,,,,,
698,390,927.0,,,,,,,,,,,,,,,,,,,,,,,
541,390,,,,,,,,,,,,,,,,,,,,,,,,
897,390,,,,,,,,,,,,,,,,,,,,,,,,
873,390,,,,,,,,,,,,,,,,,,,,,,,,
698,699,390.0,,,,,,,,,,,,,,,,,,,,,,,
483,390,439.0,,,,,,,,,,,,,,,,,,,,,,,
960,673,437.0,390.0,,,,,,,,,,,,,,,,,,,,,,
768,665,390.0,968.0,,,,,,,,,,,,,,,,,,,,,,
390,447,,,,,,,,,,,,,,,,,,,,,,,,
608,773,390.0,,,,,,,,,,,,,,,,,,,,,,,
390,407,,,,,,,,,,,,,,,,,,,,,,,,
441,390,,,,,,,,,,,,,,,,,,,,,,,,
699,390,,,,,,,,,,,,,,,,,,,,,,,,
483,391,,,,,,,,,,,,,,,,,,,,,,,,
392,2651,,,,,,,,,,,,,,,,,,,,,,,,
400,401,3185.0,,,,,,,,,,,,,,,,,,,,,,,
400,401,403.0,404.0,693.0,,,,,,,,,,,,,,,,,,,,,
401,916,693.0,,,,,,,,,,,,,,,,,,,,,,,
404,693,3183.0,,,,,,,,,,,,,,,,,,,,,,,
404,631,,,,,,,,,,,,,,,,,,,,,,,,
405,1511,,,,,,,,,,,,,,,,,,,,,,,,
738,406,,,,,,,,,,,,,,,,,,,,,,,,
409,661,847.0,,,,,,,,,,,,,,,,,,,,,,,
1501,1877,,,,,,,,,,,,,,,,,,,,,,,,
410,509,,,,,,,,,,,,,,,,,,,,,,,,
410,659,631.0,,,,,,,,,,,,,,,,,,,,,,,
410,659,492.0,,,,,,,,,,,,,,,,,,,,,,,
410,564,,,,,,,,,,,,,,,,,,,,,,,,
2868,413,,,,,,,,,,,,,,,,,,,,,,,,
416,496,472.0,,,,,,,,,,,,,,,,,,,,,,,
416,530,822.0,,,,,,,,,,,,,,,,,,,,,,,
416,659,631.0,,,,,,,,,,,,,,,,,,,,,,,
419,822,,,,,,,,,,,,,,,,,,,,,,,,
419,822,,,,,,,,,,,,,,,,,,,,,,,,
1898,422,,,,,,,,,,,,,,,,,,,,,,,,
1912,1507,,,,,,,,,,,,,,,,,,,,,,,,
1509,637,917.0,1701.0,,,,,,,,,,,,,,,,,,,,,,
1509,637,917.0,1701.0,,,,,,,,,,,,,,,,,,,,,,
1509,637,917.0,1701.0,,,,,,,,,,,,,,,,,,,,,,
1673,1509,,,,,,,,,,,,,,,,,,,,,,,,
429,1710,,,,,,,,,,,,,,,,,,,,,,,,
1512,429,1710.0,,,,,,,,,,,,,,,,,,,,,,,
1957,1512,429.0,1710.0,1681.0,,,,,,,,,,,,,,,,,,,,,
429,1710,,,,,,,,,,,,,,,,,,,,,,,,
2640,782,,,,,,,,,,,,,,,,,,,,,,,,
2643,2644,,,,,,,,,,,,,,,,,,,,,,,,
432,433,,,,,,,,,,,,,,,,,,,,,,,,
2646,855,,,,,,,,,,,,,,,,,,,,,,,,
434,938,847.0,,,,,,,,,,,,,,,,,,,,,,,
439,799,,,,,,,,,,,,,,,,,,,,,,,,
699,502,439.0,,,,,,,,,,,,,,,,,,,,,,,
517,439,,,,,,,,,,,,,,,,,,,,,,,,
2657,2658,441.0,,,,,,,,,,,,,,,,,,,,,,,
1528,441,1690.0,,,,,,,,,,,,,,,,,,,,,,,
441,2658,1801.0,,,,,,,,,,,,,,,,,,,,,,,
1528,441,2995.0,,,,,,,,,,,,,,,,,,,,,,,
880,441,1633.0,,,,,,,,,,,,,,,,,,,,,,,
1528,1690,,,,,,,,,,,,,,,,,,,,,,,,
1528,3210,,,,,,,,,,,,,,,,,,,,,,,,
3021,2169,3305.0,2654.0,,,,,,,,,,,,,,,,,,,,,,
3021,2169,3305.0,2654.0,,,,,,,,,,,,,,,,,,,,,,
800,763,447.0,,,,,,,,,,,,,,,,,,,,,,,
763,447,,,,,,,,,,,,,,,,,,,,,,,,
450,773,,,,,,,,,,,,,,,,,,,,,,,,
2136,1537,677.0,,,,,,,,,,,,,,,,,,,,,,,
905,2668,,,,,,,,,,,,,,,,,,,,,,,,
905,2668,,,,,,,,,,,,,,,,,,,,,,,,
1540,1861,,,,,,,,,,,,,,,,,,,,,,,,
2774,1543,,,,,,,,,,,,,,,,,,,,,,,,
1667,1796,1543.0,828.0,1662.0,,,,,,,,,,,,,,,,,,,,,
460,3156,,,,,,,,,,,,,,,,,,,,,,,,
1549,1903,,,,,,,,,,,,,,,,,,,,,,,,
1549,591,,,,,,,,,,,,,,,,,,,,,,,,
795,2678,,,,,,,,,,,,,,,,,,,,,,,,
505,471,,,,,,,,,,,,,,,,,,,,,,,,
2894,471,,,,,,,,,,,,,,,,,,,,,,,,
2688,2689,,,,,,,,,,,,,,,,,,,,,,,,
1553,1831,,,,,,,,,,,,,,,,,,,,,,,,
474,862,1631.0,,,,,,,,,,,,,,,,,,,,,,,
477,853,,,,,,,,,,,,,,,,,,,,,,,,
1562,1646,,,,,,,,,,,,,,,,,,,,,,,,
3107,2699,855.0,,,,,,,,,,,,,,,,,,,,,,,
486,847,,,,,,,,,,,,,,,,,,,,,,,,
488,644,487.0,,,,,,,,,,,,,,,,,,,,,,,
643,612,644.0,487.0,488.0,,,,,,,,,,,,,,,,,,,,,
488,611,487.0,,,,,,,,,,,,,,,,,,,,,,,
488,601,832.0,663.0,,,,,,,,,,,,,,,,,,,,,,
488,601,831.0,,,,,,,,,,,,,,,,,,,,,,,
488,612,613.0,,,,,,,,,,,,,,,,,,,,,,,
488,834,612.0,,,,,,,,,,,,,,,,,,,,,,,
3058,2700,,,,,,,,,,,,,,,,,,,,,,,,
3085,2702,,,,,,,,,,,,,,,,,,,,,,,,
745,490,747.0,698.0,763.0,,,,,,,,,,,,,,,,,,,,,
2705,2863,3286.0,3185.0,,,,,,,,,,,,,,,,,,,,,,
493,631,,,,,,,,,,,,,,,,,,,,,,,,
731,495,,,,,,,,,,,,,,,,,,,,,,,,
659,495,,,,,,,,,,,,,,,,,,,,,,,,
666,495,,,,,,,,,,,,,,,,,,,,,,,,
995,712,495.0,657.0,691.0,788.0,979.0,986.0,,,,,,,,,,,,,,,,,,
743,495,659.0,631.0,731.0,,,,,,,,,,,,,,,,,,,,,
3244,2813,2711.0,,,,,,,,,,,,,,,,,,,,,,,
3020,2711,,,,,,,,,,,,,,,,,,,,,,,,
3020,2711,,,,,,,,,,,,,,,,,,,,,,,,
3244,2711,,,,,,,,,,,,,,,,,,,,,,,,
817,506,,,,,,,,,,,,,,,,,,,,,,,,
938,506,940.0,847.0,,,,,,,,,,,,,,,,,,,,,,
722,506,,,,,,,,,,,,,,,,,,,,,,,,
506,847,,,,,,,,,,,,,,,,,,,,,,,,
507,1628,,,,,,,,,,,,,,,,,,,,,,,,
3256,2713,,,,,,,,,,,,,,,,,,,,,,,,
2827,1580,,,,,,,,,,,,,,,,,,,,,,,,
1929,1582,,,,,,,,,,,,,,,,,,,,,,,,
521,522,,,,,,,,,,,,,,,,,,,,,,,,
1831,1863,1004.0,1005.0,1586.0,,,,,,,,,,,,,,,,,,,,,
1589,1590,,,,,,,,,,,,,,,,,,,,,,,,
1592,1594,1692.0,,,,,,,,,,,,,,,,,,,,,,,
1602,3037,,,,,,,,,,,,,,,,,,,,,,,,
2731,3124,,,,,,,,,,,,,,,,,,,,,,,,
531,814,791.0,,,,,,,,,,,,,,,,,,,,,,,
3195,2733,,,,,,,,,,,,,,,,,,,,,,,,
2739,2982,,,,,,,,,,,,,,,,,,,,,,,,
1690,2742,,,,,,,,,,,,,,,,,,,,,,,,
2002,1618,,,,,,,,,,,,,,,,,,,,,,,,
1619,1918,,,,,,,,,,,,,,,,,,,,,,,,
2745,739,,,,,,,,,,,,,,,,,,,,,,,,
1924,1622,,,,,,,,,,,,,,,,,,,,,,,,
1625,1810,,,,,,,,,,,,,,,,,,,,,,,,
2009,1706,1626.0,,,,,,,,,,,,,,,,,,,,,,,
2752,2820,,,,,,,,,,,,,,,,,,,,,,,,
544,1630,,,,,,,,,,,,,,,,,,,,,,,,
616,698,547.0,574.0,,,,,,,,,,,,,,,,,,,,,,
862,1631,,,,,,,,,,,,,,,,,,,,,,,,
1634,3207,,,,,,,,,,,,,,,,,,,,,,,,
2034,1636,,,,,,,,,,,,,,,,,,,,,,,,
1637,1638,,,,,,,,,,,,,,,,,,,,,,,,
1637,1638,,,,,,,,,,,,,,,,,,,,,,,,
2083,1638,,,,,,,,,,,,,,,,,,,,,,,,
2083,1638,,,,,,,,,,,,,,,,,,,,,,,,
2759,2823,,,,,,,,,,,,,,,,,,,,,,,,
1640,1694,,,,,,,,,,,,,,,,,,,,,,,,
3174,553,905.0,887.0,891.0,,,,,,,,,,,,,,,,,,,,,
3208,553,,,,,,,,,,,,,,,,,,,,,,,,
553,1850,887.0,,,,,,,,,,,,,,,,,,,,,,,
553,905,2081.0,,,,,,,,,,,,,,,,,,,,,,,
556,2894,,,,,,,,,,,,,,,,,,,,,,,,
556,573,,,,,,,,,,,,,,,,,,,,,,,,
857,564,847.0,,,,,,,,,,,,,,,,,,,,,,,
3040,3041,566.0,,,,,,,,,,,,,,,,,,,,,,,
1856,1652,,,,,,,,,,,,,,,,,,,,,,,,
1736,1657,1731.0,,,,,,,,,,,,,,,,,,,,,,,
571,698,2923.0,574.0,,,,,,,,,,,,,,,,,,,,,,
646,616,698.0,572.0,574.0,575.0,,,,,,,,,,,,,,,,,,,,
577,612,,,,,,,,,,,,,,,,,,,,,,,,
2777,3007,,,,,,,,,,,,,,,,,,,,,,,,
2784,3031,,,,,,,,,,,,,,,,,,,,,,,,
2784,2785,,,,,,,,,,,,,,,,,,,,,,,,
1680,1731,2135.0,,,,,,,,,,,,,,,,,,,,,,,
809,587,643.0,814.0,,,,,,,,,,,,,,,,,,,,,,
681,2790,,,,,,,,,,,,,,,,,,,,,,,,
1683,1839,,,,,,,,,,,,,,,,,,,,,,,,
1683,1878,,,,,,,,,,,,,,,,,,,,,,,,
2795,1989,,,,,,,,,,,,,,,,,,,,,,,,
591,615,,,,,,,,,,,,,,,,,,,,,,,,
1689,1908,,,,,,,,,,,,,,,,,,,,,,,,
595,847,,,,,,,,,,,,,,,,,,,,,,,,
595,847,,,,,,,,,,,,,,,,,,,,,,,,
1691,1815,,,,,,,,,,,,,,,,,,,,,,,,
753,980,596.0,,,,,,,,,,,,,,,,,,,,,,,
2805,2806,,,,,,,,,,,,,,,,,,,,,,,,
606,2855,,,,,,,,,,,,,,,,,,,,,,,,
1699,1804,,,,,,,,,,,,,,,,,,,,,,,,
2049,1702,,,,,,,,,,,,,,,,,,,,,,,,
1705,1820,,,,,,,,,,,,,,,,,,,,,,,,
1706,2006,,,,,,,,,,,,,,,,,,,,,,,,
1706,715,,,,,,,,,,,,,,,,,,,,,,,,
2832,3161,,,,,,,,,,,,,,,,,,,,,,,,
612,847,,,,,,,,,,,,,,,,,,,,,,,,
644,613,,,,,,,,,,,,,,,,,,,,,,,,
3234,615,,,,,,,,,,,,,,,,,,,,,,,,
616,698,,,,,,,,,,,,,,,,,,,,,,,,
616,699,,,,,,,,,,,,,,,,,,,,,,,,
998,999,616.0,1000.0,748.0,,,,,,,,,,,,,,,,,,,,,
619,1004,1005.0,,,,,,,,,,,,,,,,,,,,,,,
3107,2839,,,,,,,,,,,,,,,,,,,,,,,,
620,621,623.0,624.0,625.0,,,,,,,,,,,,,,,,,,,,,
659,631,,,,,,,,,,,,,,,,,,,,,,,,
986,631,,,,,,,,,,,,,,,,,,,,,,,,
986,659,631.0,,,,,,,,,,,,,,,,,,,,,,,
847,848,659.0,979.0,631.0,986.0,,,,,,,,,,,,,,,,,,,,
986,631,,,,,,,,,,,,,,,,,,,,,,,,
1729,1716,1717.0,,,,,,,,,,,,,,,,,,,,,,,
1888,1717,,,,,,,,,,,,,,,,,,,,,,,,
1722,2069,,,,,,,,,,,,,,,,,,,,,,,,
1985,1731,,,,,,,,,,,,,,,,,,,,,,,,
1731,1732,,,,,,,,,,,,,,,,,,,,,,,,
1731,2135,,,,,,,,,,,,,,,,,,,,,,,,
1731,1732,,,,,,,,,,,,,,,,,,,,,,,,
643,814,,,,,,,,,,,,,,,,,,,,,,,,
816,866,643.0,814.0,,,,,,,,,,,,,,,,,,,,,,
809,643,814.0,,,,,,,,,,,,,,,,,,,,,,,
850,643,661.0,,,,,,,,,,,,,,,,,,,,,,,
643,661,,,,,,,,,,,,,,,,,,,,,,,,
848,643,,,,,,,,,,,,,,,,,,,,,,,,
809,643,814.0,,,,,,,,,,,,,,,,,,,,,,,
848,643,847.0,,,,,,,,,,,,,,,,,,,,,,,
643,996,,,,,,,,,,,,,,,,,,,,,,,,
780,646,,,,,,,,,,,,,,,,,,,,,,,,
2148,646,,,,,,,,,,,,,,,,,,,,,,,,
898,647,,,,,,,,,,,,,,,,,,,,,,,,
691,647,,,,,,,,,,,,,,,,,,,,,,,,
2865,2031,,,,,,,,,,,,,,,,,,,,,,,,
2874,3220,,,,,,,,,,,,,,,,,,,,,,,,
2874,3220,,,,,,,,,,,,,,,,,,,,,,,,
1752,1753,,,,,,,,,,,,,,,,,,,,,,,,
860,654,,,,,,,,,,,,,,,,,,,,,,,,
2022,1927,1928.0,1786.0,1756.0,,,,,,,,,,,,,,,,,,,,,
1928,1756,1927.0,,,,,,,,,,,,,,,,,,,,,,,
2877,2878,,,,,,,,,,,,,,,,,,,,,,,,
2878,3046,,,,,,,,,,,,,,,,,,,,,,,,
656,731,,,,,,,,,,,,,,,,,,,,,,,,
1762,1924,1910.0,,,,,,,,,,,,,,,,,,,,,,,
937,718,659.0,661.0,662.0,856.0,,,,,,,,,,,,,,,,,,,,
659,660,,,,,,,,,,,,,,,,,,,,,,,,
849,660,847.0,,,,,,,,,,,,,,,,,,,,,,,
986,660,788.0,,,,,,,,,,,,,,,,,,,,,,,
948,661,,,,,,,,,,,,,,,,,,,,,,,,
837,661,,,,,,,,,,,,,,,,,,,,,,,,
908,661,,,,,,,,,,,,,,,,,,,,,,,,
781,663,,,,,,,,,,,,,,,,,,,,,,,,
768,665,727.0,,,,,,,,,,,,,,,,,,,,,,,
1768,1767,,,,,,,,,,,,,,,,,,,,,,,,
1770,1771,,,,,,,,,,,,,,,,,,,,,,,,
677,678,,,,,,,,,,,,,,,,,,,,,,,,
677,678,,,,,,,,,,,,,,,,,,,,,,,,
954,678,,,,,,,,,,,,,,,,,,,,,,,,
1787,1780,,,,,,,,,,,,,,,,,,,,,,,,
691,814,847.0,,,,,,,,,,,,,,,,,,,,,,,
1782,1935,,,,,,,,,,,,,,,,,,,,,,,,
1789,2927,,,,,,,,,,,,,,,,,,,,,,,,
1792,795,,,,,,,,,,,,,,,,,,,,,,,,
2048,1793,,,,,,,,,,,,,,,,,,,,,,,,
2929,3019,,,,,,,,,,,,,,,,,,,,,,,,
2930,3043,,,,,,,,,,,,,,,,,,,,,,,,
2930,3043,,,,,,,,,,,,,,,,,,,,,,,,
704,994,996.0,751.0,,,,,,,,,,,,,,,,,,,,,,
2934,3270,,,,,,,,,,,,,,,,,,,,,,,,
2107,1798,,,,,,,,,,,,,,,,,,,,,,,,
709,799,,,,,,,,,,,,,,,,,,,,,,,,
2936,3170,,,,,,,,,,,,,,,,,,,,,,,,
2145,1806,,,,,,,,,,,,,,,,,,,,,,,,
1809,1977,,,,,,,,,,,,,,,,,,,,,,,,
2953,2956,,,,,,,,,,,,,,,,,,,,,,,,
2955,3173,,,,,,,,,,,,,,,,,,,,,,,,
3186,716,,,,,,,,,,,,,,,,,,,,,,,,
3186,716,,,,,,,,,,,,,,,,,,,,,,,,
2049,1906,1819.0,,,,,,,,,,,,,,,,,,,,,,,
2976,3303,,,,,,,,,,,,,,,,,,,,,,,,
729,737,942.0,847.0,,,,,,,,,,,,,,,,,,,,,,
736,737,730.0,,,,,,,,,,,,,,,,,,,,,,,
3138,2981,,,,,,,,,,,,,,,,,,,,,,,,
2984,2985,2983.0,,,,,,,,,,,,,,,,,,,,,,,
2985,2983,,,,,,,,,,,,,,,,,,,,,,,,
2985,2983,,,,,,,,,,,,,,,,,,,,,,,,
916,735,,,,,,,,,,,,,,,,,,,,,,,,
737,847,,,,,,,,,,,,,,,,,,,,,,,,
2022,1927,1928.0,1847.0,1915.0,,,,,,,,,,,,,,,,,,,,,
1848,3124,,,,,,,,,,,,,,,,,,,,,,,,
3008,1851,,,,,,,,,,,,,,,,,,,,,,,,
2018,1852,,,,,,,,,,,,,,,,,,,,,,,,
3232,2996,,,,,,,,,,,,,,,,,,,,,,,,
750,847,,,,,,,,,,,,,,,,,,,,,,,,
753,3155,,,,,,,,,,,,,,,,,,,,,,,,
760,758,759.0,,,,,,,,,,,,,,,,,,,,,,,
1869,1919,,,,,,,,,,,,,,,,,,,,,,,,
1920,1873,,,,,,,,,,,,,,,,,,,,,,,,
3032,3259,,,,,,,,,,,,,,,,,,,,,,,,
822,767,,,,,,,,,,,,,,,,,,,,,,,,
768,2081,,,,,,,,,,,,,,,,,,,,,,,,
769,905,,,,,,,,,,,,,,,,,,,,,,,,
960,3041,,,,,,,,,,,,,,,,,,,,,,,,
956,1893,,,,,,,,,,,,,,,,,,,,,,,,
3051,3052,,,,,,,,,,,,,,,,,,,,,,,,
3051,3052,,,,,,,,,,,,,,,,,,,,,,,,
2080,1901,,,,,,,,,,,,,,,,,,,,,,,,
2049,2050,1903.0,2033.0,1980.0,,,,,,,,,,,,,,,,,,,,,
2049,2050,1980.0,1903.0,,,,,,,,,,,,,,,,,,,,,,
3065,3067,,,,,,,,,,,,,,,,,,,,,,,,
1906,3123,,,,,,,,,,,,,,,,,,,,,,,,
1003,933,806.0,,,,,,,,,,,,,,,,,,,,,,,
3081,3084,,,,,,,,,,,,,,,,,,,,,,,,
1913,2142,,,,,,,,,,,,,,,,,,,,,,,,
848,814,847.0,,,,,,,,,,,,,,,,,,,,,,,
2050,1916,,,,,,,,,,,,,,,,,,,,,,,,
2098,1918,,,,,,,,,,,,,,,,,,,,,,,,
2049,1918,,,,,,,,,,,,,,,,,,,,,,,,
2049,2077,1918.0,2159.0,,,,,,,,,,,,,,,,,,,,,,
3096,3095,,,,,,,,,,,,,,,,,,,,,,,,
3096,3095,,,,,,,,,,,,,,,,,,,,,,,,
2049,1925,,,,,,,,,,,,,,,,,,,,,,,,
979,822,847.0,,,,,,,,,,,,,,,,,,,,,,,
3100,3102,,,,,,,,,,,,,,,,,,,,,,,,
1928,2022,,,,,,,,,,,,,,,,,,,,,,,,
3106,3178,,,,,,,,,,,,,,,,,,,,,,,,
1929,3123,,,,,,,,,,,,,,,,,,,,,,,,
850,846,,,,,,,,,,,,,,,,,,,,,,,,
966,847,,,,,,,,,,,,,,,,,,,,,,,,
848,847,,,,,,,,,,,,,,,,,,,,,,,,
916,847,,,,,,,,,,,,,,,,,,,,,,,,
912,847,,,,,,,,,,,,,,,,,,,,,,,,
848,847,,,,,,,,,,,,,,,,,,,,,,,,
848,847,,,,,,,,,,,,,,,,,,,,,,,,
851,3119,,,,,,,,,,,,,,,,,,,,,,,,
2049,853,,,,,,,,,,,,,,,,,,,,,,,,
1968,862,,,,,,,,,,,,,,,,,,,,,,,,
2160,1972,862.0,,,,,,,,,,,,,,,,,,,,,,,
1970,1971,2019.0,,,,,,,,,,,,,,,,,,,,,,,
1970,1971,2019.0,,,,,,,,,,,,,,,,,,,,,,,
3146,3147,3149.0,,,,,,,,,,,,,,,,,,,,,,,
3147,3148,3149.0,3150.0,3151.0,,,,,,,,,,,,,,,,,,,,,
874,3155,,,,,,,,,,,,,,,,,,,,,,,,
2109,2006,,,,,,,,,,,,,,,,,,,,,,,,
2008,2056,,,,,,,,,,,,,,,,,,,,,,,,
3290,3167,,,,,,,,,,,,,,,,,,,,,,,,
3168,3290,3167.0,,,,,,,,,,,,,,,,,,,,,,,
3290,3167,,,,,,,,,,,,,,,,,,,,,,,,
892,893,,,,,,,,,,,,,,,,,,,,,,,,
946,2031,,,,,,,,,,,,,,,,,,,,,,,,
3188,3189,,,,,,,,,,,,,,,,,,,,,,,,
3273,909,,,,,,,,,,,,,,,,,,,,,,,,
2169,2046,,,,,,,,,,,,,,,,,,,,,,,,
2048,2049,,,,,,,,,,,,,,,,,,,,,,,,
3202,3204,,,,,,,,,,,,,,,,,,,,,,,,
2145,2055,,,,,,,,,,,,,,,,,,,,,,,,
2089,2085,,,,,,,,,,,,,,,,,,,,,,,,
2100,2101,,,,,,,,,,,,,,,,,,,,,,,,
3240,3281,,,,,,,,,,,,,,,,,,,,,,,,
940,941,,,,,,,,,,,,,,,,,,,,,,,,
3260,3261,,,,,,,,,,,,,,,,,,,,,,,,
3267,3268,,,,,,,,,,,,,,,,,,,,,,,,
2130,2131,963.0,,,,,,,,,,,,,,,,,,,,,,,
994,980,989.0,,,,,,,,,,,,,,,,,,,,,,,
2169,2166,,,,,,,,,,,,,,,,,,,,,,,,
