235,355,,,,,,,,,,,,,,,,,,,,,,,,,,,,,,,,,,,,,,,,,
1133,1666,1888,,,,,,,,,,,,,,,,,,,,,,,,,,,,,,,,,,,,,,,,
783,785,,,,,,,,,,,,,,,,,,,,,,,,,,,,,,,,,,,,,,,,,
570,1058,1211,1246,,,,,,,,,,,,,,,,,,,,,,,,,,,,,,,,,,,,,,,
523,717,,,,,,,,,,,,,,,,,,,,,,,,,,,,,,,,,,,,,,,,,
543,603,1163,1355,,,,,,,,,,,,,,,,,,,,,,,,,,,,,,,,,,,,,,,
52,140,251,323,535,865,932,1024,1505,1823,2476,2487,2555,2560,2580,,,,,,,,,,,,,,,,,,,,,,,,,,,,
1580,2329,,,,,,,,,,,,,,,,,,,,,,,,,,,,,,,,,,,,,,,,,
701,1019,1659,1869,,,,,,,,,,,,,,,,,,,,,,,,,,,,,,,,,,,,,,,
62,270,339,495,573,723,773,1137,1983,2078,2406,2425,2474,2566,,,,,,,,,,,,,,,,,,,,,,,,,,,,,
269,2415,2438,2530,,,,,,,,,,,,,,,,,,,,,,,,,,,,,,,,,,,,,,,
19,424,571,1762,2331,2495,2694,,,,,,,,,,,,,,,,,,,,,,,,,,,,,,,,,,,,
487,538,1822,2281,,,,,,,,,,,,,,,,,,,,,,,,,,,,,,,,,,,,,,,
877,1010,1578,1651,,,,,,,,,,,,,,,,,,,,,,,,,,,,,,,,,,,,,,,
40,114,171,488,761,798,1124,1390,1566,1567,1661,1888,2053,2054,,,,,,,,,,,,,,,,,,,,,,,,,,,,,
52,701,1019,1539,,,,,,,,,,,,,,,,,,,,,,,,,,,,,,,,,,,,,,,
1538,1724,,,,,,,,,,,,,,,,,,,,,,,,,,,,,,,,,,,,,,,,,
52,2487,2555,,,,,,,,,,,,,,,,,,,,,,,,,,,,,,,,,,,,,,,,
141,1184,1959,,,,,,,,,,,,,,,,,,,,,,,,,,,,,,,,,,,,,,,,
681,1391,2437,,,,,,,,,,,,,,,,,,,,,,,,,,,,,,,,,,,,,,,,
1325,2047,,,,,,,,,,,,,,,,,,,,,,,,,,,,,,,,,,,,,,,,,
476,1787,1871,2385,2676,,,,,,,,,,,,,,,,,,,,,,,,,,,,,,,,,,,,,,
357,803,1439,,,,,,,,,,,,,,,,,,,,,,,,,,,,,,,,,,,,,,,,
86,249,652,,,,,,,,,,,,,,,,,,,,,,,,,,,,,,,,,,,,,,,,
516,2268,2445,2569,2579,,,,,,,,,,,,,,,,,,,,,,,,,,,,,,,,,,,,,,
691,1213,1557,1958,2058,,,,,,,,,,,,,,,,,,,,,,,,,,,,,,,,,,,,,,
1889,2648,,,,,,,,,,,,,,,,,,,,,,,,,,,,,,,,,,,,,,,,,
290,1098,1719,1911,1925,1984,2087,2133,2199,2206,2259,2261,2379,,,,,,,,,,,,,,,,,,,,,,,,,,,,,,
1737,1936,,,,,,,,,,,,,,,,,,,,,,,,,,,,,,,,,,,,,,,,,
930,948,1043,1254,1282,,,,,,,,,,,,,,,,,,,,,,,,,,,,,,,,,,,,,,
400,701,1019,1189,,,,,,,,,,,,,,,,,,,,,,,,,,,,,,,,,,,,,,,
54,129,1175,1204,1628,1728,2309,2334,,,,,,,,,,,,,,,,,,,,,,,,,,,,,,,,,,,
55,844,1784,,,,,,,,,,,,,,,,,,,,,,,,,,,,,,,,,,,,,,,,
1753,1806,,,,,,,,,,,,,,,,,,,,,,,,,,,,,,,,,,,,,,,,,
934,1850,2407,,,,,,,,,,,,,,,,,,,,,,,,,,,,,,,,,,,,,,,,
786,791,2555,,,,,,,,,,,,,,,,,,,,,,,,,,,,,,,,,,,,,,,,
198,655,,,,,,,,,,,,,,,,,,,,,,,,,,,,,,,,,,,,,,,,,
230,406,821,823,1055,1059,1283,1284,1318,1547,1939,2307,,,,,,,,,,,,,,,,,,,,,,,,,,,,,,,
897,2138,2311,,,,,,,,,,,,,,,,,,,,,,,,,,,,,,,,,,,,,,,,
745,1884,1885,1886,1902,,,,,,,,,,,,,,,,,,,,,,,,,,,,,,,,,,,,,,
1002,1735,,,,,,,,,,,,,,,,,,,,,,,,,,,,,,,,,,,,,,,,,
87,367,,,,,,,,,,,,,,,,,,,,,,,,,,,,,,,,,,,,,,,,,
119,1061,,,,,,,,,,,,,,,,,,,,,,,,,,,,,,,,,,,,,,,,,
996,2153,,,,,,,,,,,,,,,,,,,,,,,,,,,,,,,,,,,,,,,,,
884,1286,,,,,,,,,,,,,,,,,,,,,,,,,,,,,,,,,,,,,,,,,
308,459,1469,1705,,,,,,,,,,,,,,,,,,,,,,,,,,,,,,,,,,,,,,,
2283,2284,,,,,,,,,,,,,,,,,,,,,,,,,,,,,,,,,,,,,,,,,
855,1338,,,,,,,,,,,,,,,,,,,,,,,,,,,,,,,,,,,,,,,,,
159,2172,,,,,,,,,,,,,,,,,,,,,,,,,,,,,,,,,,,,,,,,,
1230,2541,,,,,,,,,,,,,,,,,,,,,,,,,,,,,,,,,,,,,,,,,
30,285,486,,,,,,,,,,,,,,,,,,,,,,,,,,,,,,,,,,,,,,,,
167,446,559,,,,,,,,,,,,,,,,,,,,,,,,,,,,,,,,,,,,,,,,
1777,1802,1899,2064,,,,,,,,,,,,,,,,,,,,,,,,,,,,,,,,,,,,,,,
606,1204,,,,,,,,,,,,,,,,,,,,,,,,,,,,,,,,,,,,,,,,,
2549,2608,,,,,,,,,,,,,,,,,,,,,,,,,,,,,,,,,,,,,,,,,
203,359,949,1068,1418,1517,1612,1871,2019,2147,2322,2376,2422,2498,2499,2500,2505,2567,,,,,,,,,,,,,,,,,,,,,,,,,
802,973,1168,,,,,,,,,,,,,,,,,,,,,,,,,,,,,,,,,,,,,,,,
946,1600,,,,,,,,,,,,,,,,,,,,,,,,,,,,,,,,,,,,,,,,,
112,785,862,1812,2364,,,,,,,,,,,,,,,,,,,,,,,,,,,,,,,,,,,,,,
271,718,,,,,,,,,,,,,,,,,,,,,,,,,,,,,,,,,,,,,,,,,
161,1147,,,,,,,,,,,,,,,,,,,,,,,,,,,,,,,,,,,,,,,,,
247,497,1727,,,,,,,,,,,,,,,,,,,,,,,,,,,,,,,,,,,,,,,,
112,572,,,,,,,,,,,,,,,,,,,,,,,,,,,,,,,,,,,,,,,,,
794,795,,,,,,,,,,,,,,,,,,,,,,,,,,,,,,,,,,,,,,,,,
27,347,713,,,,,,,,,,,,,,,,,,,,,,,,,,,,,,,,,,,,,,,,
1681,1682,2366,,,,,,,,,,,,,,,,,,,,,,,,,,,,,,,,,,,,,,,,
2413,2414,2507,,,,,,,,,,,,,,,,,,,,,,,,,,,,,,,,,,,,,,,,
364,365,2112,2572,,,,,,,,,,,,,,,,,,,,,,,,,,,,,,,,,,,,,,,
931,1482,,,,,,,,,,,,,,,,,,,,,,,,,,,,,,,,,,,,,,,,,
603,670,,,,,,,,,,,,,,,,,,,,,,,,,,,,,,,,,,,,,,,,,
1386,2402,,,,,,,,,,,,,,,,,,,,,,,,,,,,,,,,,,,,,,,,,
275,276,467,729,1602,1945,1993,2000,2115,2546,,,,,,,,,,,,,,,,,,,,,,,,,,,,,,,,,
2138,2311,,,,,,,,,,,,,,,,,,,,,,,,,,,,,,,,,,,,,,,,,
1882,1989,,,,,,,,,,,,,,,,,,,,,,,,,,,,,,,,,,,,,,,,,
70,1404,2436,,,,,,,,,,,,,,,,,,,,,,,,,,,,,,,,,,,,,,,,
1252,1485,,,,,,,,,,,,,,,,,,,,,,,,,,,,,,,,,,,,,,,,,
38,1036,1662,2357,,,,,,,,,,,,,,,,,,,,,,,,,,,,,,,,,,,,,,,
293,387,,,,,,,,,,,,,,,,,,,,,,,,,,,,,,,,,,,,,,,,,
860,1054,1408,1409,1736,1816,1921,1931,2220,2402,2703,,,,,,,,,,,,,,,,,,,,,,,,,,,,,,,,
687,1157,1704,,,,,,,,,,,,,,,,,,,,,,,,,,,,,,,,,,,,,,,,
105,248,260,279,342,398,419,464,619,638,776,1324,1326,1527,1543,1747,1894,2069,2088,2144,2160,2161,2166,2167,2292,2434,2473,2524,2525,2559,,,,,,,,,,,,,
337,363,,,,,,,,,,,,,,,,,,,,,,,,,,,,,,,,,,,,,,,,,
2144,2160,2166,2167,2524,,,,,,,,,,,,,,,,,,,,,,,,,,,,,,,,,,,,,,
64,172,245,284,289,583,612,629,858,991,1084,1122,1163,1278,1348,1534,1535,1537,1556,1597,2303,2372,2544,2556,,,,,,,,,,,,,,,,,,,
51,645,742,998,1141,1240,1241,2634,,,,,,,,,,,,,,,,,,,,,,,,,,,,,,,,,,,
300,593,594,1194,1448,1621,,,,,,,,,,,,,,,,,,,,,,,,,,,,,,,,,,,,,
468,768,2025,,,,,,,,,,,,,,,,,,,,,,,,,,,,,,,,,,,,,,,,
769,1277,1663,1719,1925,2087,2133,2206,2259,2261,2269,2277,2643,,,,,,,,,,,,,,,,,,,,,,,,,,,,,,
824,825,1215,1228,1707,2252,,,,,,,,,,,,,,,,,,,,,,,,,,,,,,,,,,,,,
1167,1330,1331,1332,1696,1771,,,,,,,,,,,,,,,,,,,,,,,,,,,,,,,,,,,,,
997,1271,,,,,,,,,,,,,,,,,,,,,,,,,,,,,,,,,,,,,,,,,
684,1419,1425,1550,,,,,,,,,,,,,,,,,,,,,,,,,,,,,,,,,,,,,,,
54,2334,,,,,,,,,,,,,,,,,,,,,,,,,,,,,,,,,,,,,,,,,
1076,1078,,,,,,,,,,,,,,,,,,,,,,,,,,,,,,,,,,,,,,,,,
2416,2575,,,,,,,,,,,,,,,,,,,,,,,,,,,,,,,,,,,,,,,,,
1181,2182,,,,,,,,,,,,,,,,,,,,,,,,,,,,,,,,,,,,,,,,,
453,761,1025,2015,2054,2098,2327,,,,,,,,,,,,,,,,,,,,,,,,,,,,,,,,,,,,
1012,1316,1970,2113,2486,2623,,,,,,,,,,,,,,,,,,,,,,,,,,,,,,,,,,,,,
504,547,702,,,,,,,,,,,,,,,,,,,,,,,,,,,,,,,,,,,,,,,,
548,682,1791,1860,2430,,,,,,,,,,,,,,,,,,,,,,,,,,,,,,,,,,,,,,
162,842,1045,1443,1540,1914,2176,2485,,,,,,,,,,,,,,,,,,,,,,,,,,,,,,,,,,,
759,1613,1614,,,,,,,,,,,,,,,,,,,,,,,,,,,,,,,,,,,,,,,,
633,749,2404,,,,,,,,,,,,,,,,,,,,,,,,,,,,,,,,,,,,,,,,
860,2252,,,,,,,,,,,,,,,,,,,,,,,,,,,,,,,,,,,,,,,,,
135,236,654,1107,1275,1617,2290,2291,,,,,,,,,,,,,,,,,,,,,,,,,,,,,,,,,,,
837,1919,2253,2493,2591,,,,,,,,,,,,,,,,,,,,,,,,,,,,,,,,,,,,,,
323,1897,2146,2467,2468,2618,,,,,,,,,,,,,,,,,,,,,,,,,,,,,,,,,,,,,
1719,1980,,,,,,,,,,,,,,,,,,,,,,,,,,,,,,,,,,,,,,,,,
964,965,966,1131,1140,1221,1253,1311,1481,1673,2703,,,,,,,,,,,,,,,,,,,,,,,,,,,,,,,,
148,278,623,1064,1083,1172,1660,1777,1802,1898,1937,2064,2097,2108,2301,,,,,,,,,,,,,,,,,,,,,,,,,,,,
921,1265,1725,,,,,,,,,,,,,,,,,,,,,,,,,,,,,,,,,,,,,,,,
445,690,1041,2256,2457,2597,,,,,,,,,,,,,,,,,,,,,,,,,,,,,,,,,,,,,
1952,2534,,,,,,,,,,,,,,,,,,,,,,,,,,,,,,,,,,,,,,,,,
268,616,2247,2263,2701,,,,,,,,,,,,,,,,,,,,,,,,,,,,,,,,,,,,,,
1005,1313,1382,,,,,,,,,,,,,,,,,,,,,,,,,,,,,,,,,,,,,,,,
960,1085,1266,1301,,,,,,,,,,,,,,,,,,,,,,,,,,,,,,,,,,,,,,,
540,1121,1214,1640,,,,,,,,,,,,,,,,,,,,,,,,,,,,,,,,,,,,,,,
608,611,864,1499,1935,2378,,,,,,,,,,,,,,,,,,,,,,,,,,,,,,,,,,,,,
842,1045,1443,,,,,,,,,,,,,,,,,,,,,,,,,,,,,,,,,,,,,,,,
1744,2263,2701,,,,,,,,,,,,,,,,,,,,,,,,,,,,,,,,,,,,,,,,
1034,1730,,,,,,,,,,,,,,,,,,,,,,,,,,,,,,,,,,,,,,,,,
2229,2339,,,,,,,,,,,,,,,,,,,,,,,,,,,,,,,,,,,,,,,,,
1632,2295,,,,,,,,,,,,,,,,,,,,,,,,,,,,,,,,,,,,,,,,,
816,881,1119,1203,1411,2203,2397,2405,2454,,,,,,,,,,,,,,,,,,,,,,,,,,,,,,,,,,
379,426,1528,,,,,,,,,,,,,,,,,,,,,,,,,,,,,,,,,,,,,,,,
88,239,277,483,548,656,683,843,906,1378,1791,1860,1968,,,,,,,,,,,,,,,,,,,,,,,,,,,,,,
211,1894,,,,,,,,,,,,,,,,,,,,,,,,,,,,,,,,,,,,,,,,,
320,474,1947,2557,,,,,,,,,,,,,,,,,,,,,,,,,,,,,,,,,,,,,,,
1759,2547,2697,2698,2700,,,,,,,,,,,,,,,,,,,,,,,,,,,,,,,,,,,,,,
1114,2318,,,,,,,,,,,,,,,,,,,,,,,,,,,,,,,,,,,,,,,,,
959,2559,,,,,,,,,,,,,,,,,,,,,,,,,,,,,,,,,,,,,,,,,
1910,2159,2242,,,,,,,,,,,,,,,,,,,,,,,,,,,,,,,,,,,,,,,,
351,730,1179,1599,1844,,,,,,,,,,,,,,,,,,,,,,,,,,,,,,,,,,,,,,
524,1169,,,,,,,,,,,,,,,,,,,,,,,,,,,,,,,,,,,,,,,,,
900,1056,1351,,,,,,,,,,,,,,,,,,,,,,,,,,,,,,,,,,,,,,,,
176,379,756,1881,2158,2449,2450,,,,,,,,,,,,,,,,,,,,,,,,,,,,,,,,,,,,
1322,1774,1875,2439,2619,,,,,,,,,,,,,,,,,,,,,,,,,,,,,,,,,,,,,,
830,1146,,,,,,,,,,,,,,,,,,,,,,,,,,,,,,,,,,,,,,,,,
287,2356,,,,,,,,,,,,,,,,,,,,,,,,,,,,,,,,,,,,,,,,,
286,317,509,,,,,,,,,,,,,,,,,,,,,,,,,,,,,,,,,,,,,,,,
507,555,556,574,615,848,1006,1032,2040,2246,2360,,,,,,,,,,,,,,,,,,,,,,,,,,,,,,,,
1828,2014,2018,,,,,,,,,,,,,,,,,,,,,,,,,,,,,,,,,,,,,,,,
39,575,,,,,,,,,,,,,,,,,,,,,,,,,,,,,,,,,,,,,,,,,
1912,2416,,,,,,,,,,,,,,,,,,,,,,,,,,,,,,,,,,,,,,,,,
430,835,1248,1337,,,,,,,,,,,,,,,,,,,,,,,,,,,,,,,,,,,,,,,
224,1208,,,,,,,,,,,,,,,,,,,,,,,,,,,,,,,,,,,,,,,,,
1623,1655,,,,,,,,,,,,,,,,,,,,,,,,,,,,,,,,,,,,,,,,,
1123,1354,1674,,,,,,,,,,,,,,,,,,,,,,,,,,,,,,,,,,,,,,,,
500,1767,,,,,,,,,,,,,,,,,,,,,,,,,,,,,,,,,,,,,,,,,
215,883,,,,,,,,,,,,,,,,,,,,,,,,,,,,,,,,,,,,,,,,,
654,2617,,,,,,,,,,,,,,,,,,,,,,,,,,,,,,,,,,,,,,,,,
2202,2638,,,,,,,,,,,,,,,,,,,,,,,,,,,,,,,,,,,,,,,,,
701,1779,1780,,,,,,,,,,,,,,,,,,,,,,,,,,,,,,,,,,,,,,,,
277,848,1468,,,,,,,,,,,,,,,,,,,,,,,,,,,,,,,,,,,,,,,,
240,2128,2479,2652,,,,,,,,,,,,,,,,,,,,,,,,,,,,,,,,,,,,,,,
182,491,,,,,,,,,,,,,,,,,,,,,,,,,,,,,,,,,,,,,,,,,
138,416,892,1713,1716,1761,1978,1982,1991,2510,,,,,,,,,,,,,,,,,,,,,,,,,,,,,,,,,
1958,2703,,,,,,,,,,,,,,,,,,,,,,,,,,,,,,,,,,,,,,,,,
620,2021,2428,2662,,,,,,,,,,,,,,,,,,,,,,,,,,,,,,,,,,,,,,,
2109,2110,2185,,,,,,,,,,,,,,,,,,,,,,,,,,,,,,,,,,,,,,,,
145,995,1230,1231,1736,2251,,,,,,,,,,,,,,,,,,,,,,,,,,,,,,,,,,,,,
916,999,1087,1463,1512,1608,2067,2596,2669,,,,,,,,,,,,,,,,,,,,,,,,,,,,,,,,,,
809,1129,1321,,,,,,,,,,,,,,,,,,,,,,,,,,,,,,,,,,,,,,,,
273,372,1264,,,,,,,,,,,,,,,,,,,,,,,,,,,,,,,,,,,,,,,,
1999,2003,2515,,,,,,,,,,,,,,,,,,,,,,,,,,,,,,,,,,,,,,,,
712,1965,2047,2111,2703,,,,,,,,,,,,,,,,,,,,,,,,,,,,,,,,,,,,,,
1968,2459,,,,,,,,,,,,,,,,,,,,,,,,,,,,,,,,,,,,,,,,,
939,1242,1915,,,,,,,,,,,,,,,,,,,,,,,,,,,,,,,,,,,,,,,,
2119,2154,,,,,,,,,,,,,,,,,,,,,,,,,,,,,,,,,,,,,,,,,
878,1472,,,,,,,,,,,,,,,,,,,,,,,,,,,,,,,,,,,,,,,,,
8,384,435,2363,,,,,,,,,,,,,,,,,,,,,,,,,,,,,,,,,,,,,,,
850,917,,,,,,,,,,,,,,,,,,,,,,,,,,,,,,,,,,,,,,,,,
1560,2209,2689,,,,,,,,,,,,,,,,,,,,,,,,,,,,,,,,,,,,,,,,
570,1058,1211,,,,,,,,,,,,,,,,,,,,,,,,,,,,,,,,,,,,,,,,
9,199,574,615,848,1027,1388,1586,1835,2011,2182,,,,,,,,,,,,,,,,,,,,,,,,,,,,,,,,
2033,2622,,,,,,,,,,,,,,,,,,,,,,,,,,,,,,,,,,,,,,,,,
381,1165,1500,2539,2617,,,,,,,,,,,,,,,,,,,,,,,,,,,,,,,,,,,,,,
765,1831,1832,1836,2688,2705,,,,,,,,,,,,,,,,,,,,,,,,,,,,,,,,,,,,,
1159,2564,,,,,,,,,,,,,,,,,,,,,,,,,,,,,,,,,,,,,,,,,
1745,2641,,,,,,,,,,,,,,,,,,,,,,,,,,,,,,,,,,,,,,,,,
43,293,387,458,576,605,639,804,808,863,929,1051,1056,1200,1300,1450,1710,1822,1932,2026,2442,2503,2576,2678,,,,,,,,,,,,,,,,,,,
445,2256,,,,,,,,,,,,,,,,,,,,,,,,,,,,,,,,,,,,,,,,,
1961,2100,,,,,,,,,,,,,,,,,,,,,,,,,,,,,,,,,,,,,,,,,
1229,1615,1639,1858,,,,,,,,,,,,,,,,,,,,,,,,,,,,,,,,,,,,,,,
515,2293,2301,,,,,,,,,,,,,,,,,,,,,,,,,,,,,,,,,,,,,,,,
325,1894,2160,,,,,,,,,,,,,,,,,,,,,,,,,,,,,,,,,,,,,,,,
81,1714,,,,,,,,,,,,,,,,,,,,,,,,,,,,,,,,,,,,,,,,,
959,1096,1334,,,,,,,,,,,,,,,,,,,,,,,,,,,,,,,,,,,,,,,,
20,25,267,334,732,778,,,,,,,,,,,,,,,,,,,,,,,,,,,,,,,,,,,,,
2121,2212,,,,,,,,,,,,,,,,,,,,,,,,,,,,,,,,,,,,,,,,,
774,1145,1323,1526,2383,2569,,,,,,,,,,,,,,,,,,,,,,,,,,,,,,,,,,,,,
523,717,,,,,,,,,,,,,,,,,,,,,,,,,,,,,,,,,,,,,,,,,
1928,2114,2124,2681,,,,,,,,,,,,,,,,,,,,,,,,,,,,,,,,,,,,,,,
377,622,,,,,,,,,,,,,,,,,,,,,,,,,,,,,,,,,,,,,,,,,
2020,2540,,,,,,,,,,,,,,,,,,,,,,,,,,,,,,,,,,,,,,,,,
1272,1451,1604,,,,,,,,,,,,,,,,,,,,,,,,,,,,,,,,,,,,,,,,
299,2141,2511,,,,,,,,,,,,,,,,,,,,,,,,,,,,,,,,,,,,,,,,
261,579,696,,,,,,,,,,,,,,,,,,,,,,,,,,,,,,,,,,,,,,,,
1023,1090,,,,,,,,,,,,,,,,,,,,,,,,,,,,,,,,,,,,,,,,,
524,1169,,,,,,,,,,,,,,,,,,,,,,,,,,,,,,,,,,,,,,,,,
1773,1775,1788,1793,1794,1795,2143,2178,2181,2545,,,,,,,,,,,,,,,,,,,,,,,,,,,,,,,,,
515,637,,,,,,,,,,,,,,,,,,,,,,,,,,,,,,,,,,,,,,,,,
533,777,,,,,,,,,,,,,,,,,,,,,,,,,,,,,,,,,,,,,,,,,
1220,1634,,,,,,,,,,,,,,,,,,,,,,,,,,,,,,,,,,,,,,,,,
1013,1156,,,,,,,,,,,,,,,,,,,,,,,,,,,,,,,,,,,,,,,,,
601,1437,,,,,,,,,,,,,,,,,,,,,,,,,,,,,,,,,,,,,,,,,
1199,1238,,,,,,,,,,,,,,,,,,,,,,,,,,,,,,,,,,,,,,,,,
1757,1842,2341,,,,,,,,,,,,,,,,,,,,,,,,,,,,,,,,,,,,,,,,
550,1092,,,,,,,,,,,,,,,,,,,,,,,,,,,,,,,,,,,,,,,,,
2481,2528,2690,,,,,,,,,,,,,,,,,,,,,,,,,,,,,,,,,,,,,,,,
1846,1847,1927,,,,,,,,,,,,,,,,,,,,,,,,,,,,,,,,,,,,,,,,
1961,2100,,,,,,,,,,,,,,,,,,,,,,,,,,,,,,,,,,,,,,,,,
523,717,,,,,,,,,,,,,,,,,,,,,,,,,,,,,,,,,,,,,,,,,
295,2262,2542,,,,,,,,,,,,,,,,,,,,,,,,,,,,,,,,,,,,,,,,
272,1120,1806,,,,,,,,,,,,,,,,,,,,,,,,,,,,,,,,,,,,,,,,
1151,1329,1893,1895,,,,,,,,,,,,,,,,,,,,,,,,,,,,,,,,,,,,,,,
1315,1526,,,,,,,,,,,,,,,,,,,,,,,,,,,,,,,,,,,,,,,,,
1751,2691,,,,,,,,,,,,,,,,,,,,,,,,,,,,,,,,,,,,,,,,,
1539,1918,2057,2080,2329,,,,,,,,,,,,,,,,,,,,,,,,,,,,,,,,,,,,,,
841,1147,,,,,,,,,,,,,,,,,,,,,,,,,,,,,,,,,,,,,,,,,
967,1170,,,,,,,,,,,,,,,,,,,,,,,,,,,,,,,,,,,,,,,,,
354,839,,,,,,,,,,,,,,,,,,,,,,,,,,,,,,,,,,,,,,,,,
55,1784,,,,,,,,,,,,,,,,,,,,,,,,,,,,,,,,,,,,,,,,,
529,709,,,,,,,,,,,,,,,,,,,,,,,,,,,,,,,,,,,,,,,,,
1408,1921,,,,,,,,,,,,,,,,,,,,,,,,,,,,,,,,,,,,,,,,,
484,641,642,704,1555,1574,,,,,,,,,,,,,,,,,,,,,,,,,,,,,,,,,,,,,
745,1718,,,,,,,,,,,,,,,,,,,,,,,,,,,,,,,,,,,,,,,,,
1962,2004,,,,,,,,,,,,,,,,,,,,,,,,,,,,,,,,,,,,,,,,,
1910,2159,2242,2375,2661,,,,,,,,,,,,,,,,,,,,,,,,,,,,,,,,,,,,,,
1582,1909,2017,2677,,,,,,,,,,,,,,,,,,,,,,,,,,,,,,,,,,,,,,,
295,946,,,,,,,,,,,,,,,,,,,,,,,,,,,,,,,,,,,,,,,,,
480,667,2043,2270,,,,,,,,,,,,,,,,,,,,,,,,,,,,,,,,,,,,,,,
2343,2367,2443,2577,,,,,,,,,,,,,,,,,,,,,,,,,,,,,,,,,,,,,,,
1167,1330,,,,,,,,,,,,,,,,,,,,,,,,,,,,,,,,,,,,,,,,,
282,589,592,703,1144,1509,1798,,,,,,,,,,,,,,,,,,,,,,,,,,,,,,,,,,,,
42,163,188,189,415,1725,,,,,,,,,,,,,,,,,,,,,,,,,,,,,,,,,,,,,
1873,1998,,,,,,,,,,,,,,,,,,,,,,,,,,,,,,,,,,,,,,,,,
1874,1920,,,,,,,,,,,,,,,,,,,,,,,,,,,,,,,,,,,,,,,,,
1405,1406,,,,,,,,,,,,,,,,,,,,,,,,,,,,,,,,,,,,,,,,,
313,534,801,1688,,,,,,,,,,,,,,,,,,,,,,,,,,,,,,,,,,,,,,,
2008,2022,,,,,,,,,,,,,,,,,,,,,,,,,,,,,,,,,,,,,,,,,
523,551,606,717,2473,2551,,,,,,,,,,,,,,,,,,,,,,,,,,,,,,,,,,,,,
70,488,1390,1970,2335,,,,,,,,,,,,,,,,,,,,,,,,,,,,,,,,,,,,,,
516,2268,2445,2579,,,,,,,,,,,,,,,,,,,,,,,,,,,,,,,,,,,,,,,
1112,1403,,,,,,,,,,,,,,,,,,,,,,,,,,,,,,,,,,,,,,,,,
38,273,372,538,689,1036,1134,1143,1264,1562,1738,2165,2193,2298,,,,,,,,,,,,,,,,,,,,,,,,,,,,,
800,1594,2411,,,,,,,,,,,,,,,,,,,,,,,,,,,,,,,,,,,,,,,,
1517,2382,,,,,,,,,,,,,,,,,,,,,,,,,,,,,,,,,,,,,,,,,
910,964,,,,,,,,,,,,,,,,,,,,,,,,,,,,,,,,,,,,,,,,,
534,801,,,,,,,,,,,,,,,,,,,,,,,,,,,,,,,,,,,,,,,,,
375,2657,,,,,,,,,,,,,,,,,,,,,,,,,,,,,,,,,,,,,,,,,
1102,2473,,,,,,,,,,,,,,,,,,,,,,,,,,,,,,,,,,,,,,,,,
645,998,2634,,,,,,,,,,,,,,,,,,,,,,,,,,,,,,,,,,,,,,,,
571,2349,,,,,,,,,,,,,,,,,,,,,,,,,,,,,,,,,,,,,,,,,
340,341,,,,,,,,,,,,,,,,,,,,,,,,,,,,,,,,,,,,,,,,,
18,458,,,,,,,,,,,,,,,,,,,,,,,,,,,,,,,,,,,,,,,,,
649,752,,,,,,,,,,,,,,,,,,,,,,,,,,,,,,,,,,,,,,,,,
1357,1511,,,,,,,,,,,,,,,,,,,,,,,,,,,,,,,,,,,,,,,,,
376,484,1017,1158,1555,1574,2347,,,,,,,,,,,,,,,,,,,,,,,,,,,,,,,,,,,,
523,717,,,,,,,,,,,,,,,,,,,,,,,,,,,,,,,,,,,,,,,,,
1217,1349,,,,,,,,,,,,,,,,,,,,,,,,,,,,,,,,,,,,,,,,,
1854,1855,2048,2075,2482,,,,,,,,,,,,,,,,,,,,,,,,,,,,,,,,,,,,,,
794,795,,,,,,,,,,,,,,,,,,,,,,,,,,,,,,,,,,,,,,,,,
1050,1171,1306,1310,1492,1499,,,,,,,,,,,,,,,,,,,,,,,,,,,,,,,,,,,,,
2413,2414,2507,,,,,,,,,,,,,,,,,,,,,,,,,,,,,,,,,,,,,,,,
2229,2339,,,,,,,,,,,,,,,,,,,,,,,,,,,,,,,,,,,,,,,,,
223,669,1061,,,,,,,,,,,,,,,,,,,,,,,,,,,,,,,,,,,,,,,,
316,378,442,479,585,1226,1236,1259,1539,1595,1944,2057,2091,2338,,,,,,,,,,,,,,,,,,,,,,,,,,,,,
1217,1349,,,,,,,,,,,,,,,,,,,,,,,,,,,,,,,,,,,,,,,,,
1180,1235,1620,,,,,,,,,,,,,,,,,,,,,,,,,,,,,,,,,,,,,,,,
1876,2634,,,,,,,,,,,,,,,,,,,,,,,,,,,,,,,,,,,,,,,,,
120,141,970,1184,1362,1840,1959,2392,,,,,,,,,,,,,,,,,,,,,,,,,,,,,,,,,,,
286,314,348,509,669,1244,,,,,,,,,,,,,,,,,,,,,,,,,,,,,,,,,,,,,
236,1107,1617,,,,,,,,,,,,,,,,,,,,,,,,,,,,,,,,,,,,,,,,
152,1383,1384,,,,,,,,,,,,,,,,,,,,,,,,,,,,,,,,,,,,,,,,
14,258,,,,,,,,,,,,,,,,,,,,,,,,,,,,,,,,,,,,,,,,,
1012,1316,,,,,,,,,,,,,,,,,,,,,,,,,,,,,,,,,,,,,,,,,
558,971,1393,2529,,,,,,,,,,,,,,,,,,,,,,,,,,,,,,,,,,,,,,,
378,638,1413,2084,2615,,,,,,,,,,,,,,,,,,,,,,,,,,,,,,,,,,,,,,
521,1081,1082,2312,2587,,,,,,,,,,,,,,,,,,,,,,,,,,,,,,,,,,,,,,
1480,1487,,,,,,,,,,,,,,,,,,,,,,,,,,,,,,,,,,,,,,,,,
744,2030,2130,2637,2659,,,,,,,,,,,,,,,,,,,,,,,,,,,,,,,,,,,,,,
1488,1914,2176,2535,,,,,,,,,,,,,,,,,,,,,,,,,,,,,,,,,,,,,,,
96,1854,1855,1976,2075,2122,2299,2482,,,,,,,,,,,,,,,,,,,,,,,,,,,,,,,,,,,
1066,1591,2344,,,,,,,,,,,,,,,,,,,,,,,,,,,,,,,,,,,,,,,,
582,2010,2447,,,,,,,,,,,,,,,,,,,,,,,,,,,,,,,,,,,,,,,,
623,1064,1937,,,,,,,,,,,,,,,,,,,,,,,,,,,,,,,,,,,,,,,,
39,406,631,882,1366,1771,2129,2570,,,,,,,,,,,,,,,,,,,,,,,,,,,,,,,,,,,
2320,2559,,,,,,,,,,,,,,,,,,,,,,,,,,,,,,,,,,,,,,,,,
436,2324,2326,,,,,,,,,,,,,,,,,,,,,,,,,,,,,,,,,,,,,,,,
258,751,,,,,,,,,,,,,,,,,,,,,,,,,,,,,,,,,,,,,,,,,
317,417,508,,,,,,,,,,,,,,,,,,,,,,,,,,,,,,,,,,,,,,,,
936,1515,,,,,,,,,,,,,,,,,,,,,,,,,,,,,,,,,,,,,,,,,
963,1519,,,,,,,,,,,,,,,,,,,,,,,,,,,,,,,,,,,,,,,,,
263,1400,,,,,,,,,,,,,,,,,,,,,,,,,,,,,,,,,,,,,,,,,
827,909,,,,,,,,,,,,,,,,,,,,,,,,,,,,,,,,,,,,,,,,,
57,170,250,306,584,787,1288,1461,1593,,,,,,,,,,,,,,,,,,,,,,,,,,,,,,,,,,
979,1703,1825,,,,,,,,,,,,,,,,,,,,,,,,,,,,,,,,,,,,,,,,
369,1195,,,,,,,,,,,,,,,,,,,,,,,,,,,,,,,,,,,,,,,,,
205,2271,,,,,,,,,,,,,,,,,,,,,,,,,,,,,,,,,,,,,,,,,
103,128,907,918,,,,,,,,,,,,,,,,,,,,,,,,,,,,,,,,,,,,,,,
2092,2391,,,,,,,,,,,,,,,,,,,,,,,,,,,,,,,,,,,,,,,,,
237,1060,,,,,,,,,,,,,,,,,,,,,,,,,,,,,,,,,,,,,,,,,
774,1149,1150,,,,,,,,,,,,,,,,,,,,,,,,,,,,,,,,,,,,,,,,
164,298,720,955,1280,1559,1664,1697,,,,,,,,,,,,,,,,,,,,,,,,,,,,,,,,,,,
194,673,,,,,,,,,,,,,,,,,,,,,,,,,,,,,,,,,,,,,,,,,
1699,2521,2656,,,,,,,,,,,,,,,,,,,,,,,,,,,,,,,,,,,,,,,,
1180,1620,,,,,,,,,,,,,,,,,,,,,,,,,,,,,,,,,,,,,,,,,
400,1086,1545,1582,1641,1909,2017,2677,,,,,,,,,,,,,,,,,,,,,,,,,,,,,,,,,,,
92,378,717,1529,2057,2586,,,,,,,,,,,,,,,,,,,,,,,,,,,,,,,,,,,,,
1583,1851,2396,2563,,,,,,,,,,,,,,,,,,,,,,,,,,,,,,,,,,,,,,,
788,1268,2221,2404,,,,,,,,,,,,,,,,,,,,,,,,,,,,,,,,,,,,,,,
2268,2579,,,,,,,,,,,,,,,,,,,,,,,,,,,,,,,,,,,,,,,,,
1809,2071,,,,,,,,,,,,,,,,,,,,,,,,,,,,,,,,,,,,,,,,,
64,284,1278,2303,2556,,,,,,,,,,,,,,,,,,,,,,,,,,,,,,,,,,,,,,
1528,1781,2663,,,,,,,,,,,,,,,,,,,,,,,,,,,,,,,,,,,,,,,,
422,793,1069,1685,,,,,,,,,,,,,,,,,,,,,,,,,,,,,,,,,,,,,,,
1114,1371,,,,,,,,,,,,,,,,,,,,,,,,,,,,,,,,,,,,,,,,,
759,1324,,,,,,,,,,,,,,,,,,,,,,,,,,,,,,,,,,,,,,,,,
743,744,2077,2316,2659,,,,,,,,,,,,,,,,,,,,,,,,,,,,,,,,,,,,,,
89,277,1577,,,,,,,,,,,,,,,,,,,,,,,,,,,,,,,,,,,,,,,,
6,167,440,446,517,559,924,1132,1135,1309,1442,1444,1445,1460,2057,,,,,,,,,,,,,,,,,,,,,,,,,,,,
2527,2649,,,,,,,,,,,,,,,,,,,,,,,,,,,,,,,,,,,,,,,,,
1056,1268,,,,,,,,,,,,,,,,,,,,,,,,,,,,,,,,,,,,,,,,,
226,617,,,,,,,,,,,,,,,,,,,,,,,,,,,,,,,,,,,,,,,,,
171,453,514,1566,2098,,,,,,,,,,,,,,,,,,,,,,,,,,,,,,,,,,,,,,
924,1859,,,,,,,,,,,,,,,,,,,,,,,,,,,,,,,,,,,,,,,,,
71,74,107,108,250,261,345,477,498,511,564,661,697,738,787,898,1287,1288,1393,1461,1559,1593,1625,1741,1766,1841,2340,,,,,,,,,,,,,,,,
1201,2287,,,,,,,,,,,,,,,,,,,,,,,,,,,,,,,,,,,,,,,,,
95,1255,,,,,,,,,,,,,,,,,,,,,,,,,,,,,,,,,,,,,,,,,
884,1095,1658,2681,,,,,,,,,,,,,,,,,,,,,,,,,,,,,,,,,,,,,,,
2159,2242,,,,,,,,,,,,,,,,,,,,,,,,,,,,,,,,,,,,,,,,,
281,460,,,,,,,,,,,,,,,,,,,,,,,,,,,,,,,,,,,,,,,,,
56,70,255,453,456,514,569,615,706,876,954,1170,1296,1484,2098,2099,2246,2360,2685,,,,,,,,,,,,,,,,,,,,,,,,
1063,1646,,,,,,,,,,,,,,,,,,,,,,,,,,,,,,,,,,,,,,,,,
453,481,798,876,1062,1124,1566,1924,2015,2098,2327,2651,,,,,,,,,,,,,,,,,,,,,,,,,,,,,,,
502,591,,,,,,,,,,,,,,,,,,,,,,,,,,,,,,,,,,,,,,,,,
117,2389,,,,,,,,,,,,,,,,,,,,,,,,,,,,,,,,,,,,,,,,,
1324,2559,,,,,,,,,,,,,,,,,,,,,,,,,,,,,,,,,,,,,,,,,
1892,2030,2128,2130,2131,2319,2479,,,,,,,,,,,,,,,,,,,,,,,,,,,,,,,,,,,,
378,2057,,,,,,,,,,,,,,,,,,,,,,,,,,,,,,,,,,,,,,,,,
1174,2057,,,,,,,,,,,,,,,,,,,,,,,,,,,,,,,,,,,,,,,,,
1198,2156,2315,,,,,,,,,,,,,,,,,,,,,,,,,,,,,,,,,,,,,,,,
404,493,2255,,,,,,,,,,,,,,,,,,,,,,,,,,,,,,,,,,,,,,,,
1469,1705,,,,,,,,,,,,,,,,,,,,,,,,,,,,,,,,,,,,,,,,,
877,1008,1010,1011,1182,1327,1569,1578,1587,1609,1651,1679,1726,,,,,,,,,,,,,,,,,,,,,,,,,,,,,,
2189,2190,2365,,,,,,,,,,,,,,,,,,,,,,,,,,,,,,,,,,,,,,,,
770,968,1285,1592,,,,,,,,,,,,,,,,,,,,,,,,,,,,,,,,,,,,,,,
97,439,,,,,,,,,,,,,,,,,,,,,,,,,,,,,,,,,,,,,,,,,
814,1080,,,,,,,,,,,,,,,,,,,,,,,,,,,,,,,,,,,,,,,,,
1079,1389,,,,,,,,,,,,,,,,,,,,,,,,,,,,,,,,,,,,,,,,,
852,2348,,,,,,,,,,,,,,,,,,,,,,,,,,,,,,,,,,,,,,,,,
1549,1602,2531,,,,,,,,,,,,,,,,,,,,,,,,,,,,,,,,,,,,,,,,
953,972,,,,,,,,,,,,,,,,,,,,,,,,,,,,,,,,,,,,,,,,,
1870,2362,,,,,,,,,,,,,,,,,,,,,,,,,,,,,,,,,,,,,,,,,
907,918,,,,,,,,,,,,,,,,,,,,,,,,,,,,,,,,,,,,,,,,,
2473,2690,,,,,,,,,,,,,,,,,,,,,,,,,,,,,,,,,,,,,,,,,
441,1110,1748,,,,,,,,,,,,,,,,,,,,,,,,,,,,,,,,,,,,,,,,
525,1419,,,,,,,,,,,,,,,,,,,,,,,,,,,,,,,,,,,,,,,,,
1262,1865,,,,,,,,,,,,,,,,,,,,,,,,,,,,,,,,,,,,,,,,,
2049,2218,,,,,,,,,,,,,,,,,,,,,,,,,,,,,,,,,,,,,,,,,
1050,1058,1171,1492,1538,1724,,,,,,,,,,,,,,,,,,,,,,,,,,,,,,,,,,,,,
540,543,603,1046,1121,1138,1214,1344,1345,1420,1640,1752,2706,,,,,,,,,,,,,,,,,,,,,,,,,,,,,,
1250,1251,,,,,,,,,,,,,,,,,,,,,,,,,,,,,,,,,,,,,,,,,
1268,2323,,,,,,,,,,,,,,,,,,,,,,,,,,,,,,,,,,,,,,,,,
499,2654,,,,,,,,,,,,,,,,,,,,,,,,,,,,,,,,,,,,,,,,,
512,946,1298,1659,2283,,,,,,,,,,,,,,,,,,,,,,,,,,,,,,,,,,,,,,
211,528,2076,,,,,,,,,,,,,,,,,,,,,,,,,,,,,,,,,,,,,,,,
1050,1171,1492,,,,,,,,,,,,,,,,,,,,,,,,,,,,,,,,,,,,,,,,
125,718,2230,2337,2610,2681,,,,,,,,,,,,,,,,,,,,,,,,,,,,,,,,,,,,,
36,76,90,480,667,766,869,1374,1548,1822,2043,2227,2270,2390,,,,,,,,,,,,,,,,,,,,,,,,,,,,,
800,1594,,,,,,,,,,,,,,,,,,,,,,,,,,,,,,,,,,,,,,,,,
1391,1572,1598,,,,,,,,,,,,,,,,,,,,,,,,,,,,,,,,,,,,,,,,
711,865,1505,1875,,,,,,,,,,,,,,,,,,,,,,,,,,,,,,,,,,,,,,,
878,1023,1090,,,,,,,,,,,,,,,,,,,,,,,,,,,,,,,,,,,,,,,,
3,210,490,734,749,1189,1459,1687,1969,2200,2494,2666,2703,,,,,,,,,,,,,,,,,,,,,,,,,,,,,,
174,451,496,501,503,663,1583,1813,1818,1846,1847,1851,1896,1927,2029,2055,2198,2352,2393,2396,2537,2563,2695,2696,,,,,,,,,,,,,,,,,,,
621,1585,,,,,,,,,,,,,,,,,,,,,,,,,,,,,,,,,,,,,,,,,
1148,1597,1648,,,,,,,,,,,,,,,,,,,,,,,,,,,,,,,,,,,,,,,,
2413,2414,,,,,,,,,,,,,,,,,,,,,,,,,,,,,,,,,,,,,,,,,
66,2520,,,,,,,,,,,,,,,,,,,,,,,,,,,,,,,,,,,,,,,,,
193,280,519,,,,,,,,,,,,,,,,,,,,,,,,,,,,,,,,,,,,,,,,
1050,1306,1310,1499,,,,,,,,,,,,,,,,,,,,,,,,,,,,,,,,,,,,,,,
960,1085,2195,2640,,,,,,,,,,,,,,,,,,,,,,,,,,,,,,,,,,,,,,,
1206,1544,,,,,,,,,,,,,,,,,,,,,,,,,,,,,,,,,,,,,,,,,
1346,1800,1901,1907,1994,1995,2097,2301,,,,,,,,,,,,,,,,,,,,,,,,,,,,,,,,,,,
291,411,2553,,,,,,,,,,,,,,,,,,,,,,,,,,,,,,,,,,,,,,,,
189,1725,2102,,,,,,,,,,,,,,,,,,,,,,,,,,,,,,,,,,,,,,,,
179,719,1869,2129,2413,2414,,,,,,,,,,,,,,,,,,,,,,,,,,,,,,,,,,,,,
51,645,742,,,,,,,,,,,,,,,,,,,,,,,,,,,,,,,,,,,,,,,,
1076,1078,,,,,,,,,,,,,,,,,,,,,,,,,,,,,,,,,,,,,,,,,
2141,2511,,,,,,,,,,,,,,,,,,,,,,,,,,,,,,,,,,,,,,,,,
406,1949,1960,2351,,,,,,,,,,,,,,,,,,,,,,,,,,,,,,,,,,,,,,,
2152,2317,2624,,,,,,,,,,,,,,,,,,,,,,,,,,,,,,,,,,,,,,,,
1135,1442,1444,1445,,,,,,,,,,,,,,,,,,,,,,,,,,,,,,,,,,,,,,,
799,2465,,,,,,,,,,,,,,,,,,,,,,,,,,,,,,,,,,,,,,,,,
837,1007,1489,1919,2253,2426,2431,2493,2591,,,,,,,,,,,,,,,,,,,,,,,,,,,,,,,,,,
218,312,429,577,1038,1290,1539,2169,2461,,,,,,,,,,,,,,,,,,,,,,,,,,,,,,,,,,
2384,2460,,,,,,,,,,,,,,,,,,,,,,,,,,,,,,,,,,,,,,,,,
2,57,60,173,298,306,321,370,466,473,552,554,562,564,720,738,775,875,1019,1202,1376,1546,1741,1841,2118,2179,,,,,,,,,,,,,,,,,
1189,1643,2280,,,,,,,,,,,,,,,,,,,,,,,,,,,,,,,,,,,,,,,,
172,245,,,,,,,,,,,,,,,,,,,,,,,,,,,,,,,,,,,,,,,,,
16,24,39,92,207,269,575,631,688,882,1529,1780,2090,2415,2523,2530,2586,2684,,,,,,,,,,,,,,,,,,,,,,,,,
516,2218,2272,,,,,,,,,,,,,,,,,,,,,,,,,,,,,,,,,,,,,,,,
278,1898,,,,,,,,,,,,,,,,,,,,,,,,,,,,,,,,,,,,,,,,,
900,1249,1351,1743,2192,,,,,,,,,,,,,,,,,,,,,,,,,,,,,,,,,,,,,,
1034,1730,,,,,,,,,,,,,,,,,,,,,,,,,,,,,,,,,,,,,,,,,
891,1437,,,,,,,,,,,,,,,,,,,,,,,,,,,,,,,,,,,,,,,,,
2105,2621,,,,,,,,,,,,,,,,,,,,,,,,,,,,,,,,,,,,,,,,,
2117,2639,,,,,,,,,,,,,,,,,,,,,,,,,,,,,,,,,,,,,,,,,
163,2703,,,,,,,,,,,,,,,,,,,,,,,,,,,,,,,,,,,,,,,,,
109,114,171,453,613,745,954,967,1019,2315,,,,,,,,,,,,,,,,,,,,,,,,,,,,,,,,,
995,1231,1495,2286,,,,,,,,,,,,,,,,,,,,,,,,,,,,,,,,,,,,,,,
67,2016,,,,,,,,,,,,,,,,,,,,,,,,,,,,,,,,,,,,,,,,,
100,265,329,727,728,758,943,1016,1018,1110,1136,1142,1333,1392,1466,1467,1514,1708,1729,1740,1980,,,,,,,,,,,,,,,,,,,,,,
2413,2414,,,,,,,,,,,,,,,,,,,,,,,,,,,,,,,,,,,,,,,,,
2079,2609,,,,,,,,,,,,,,,,,,,,,,,,,,,,,,,,,,,,,,,,,
30,231,285,486,1148,1597,1648,,,,,,,,,,,,,,,,,,,,,,,,,,,,,,,,,,,,
154,392,975,,,,,,,,,,,,,,,,,,,,,,,,,,,,,,,,,,,,,,,,
163,2706,,,,,,,,,,,,,,,,,,,,,,,,,,,,,,,,,,,,,,,,,
1949,1960,,,,,,,,,,,,,,,,,,,,,,,,,,,,,,,,,,,,,,,,,
302,428,598,,,,,,,,,,,,,,,,,,,,,,,,,,,,,,,,,,,,,,,,
866,890,1700,,,,,,,,,,,,,,,,,,,,,,,,,,,,,,,,,,,,,,,,
321,739,1202,2073,2150,2222,,,,,,,,,,,,,,,,,,,,,,,,,,,,,,,,,,,,,
1418,2422,,,,,,,,,,,,,,,,,,,,,,,,,,,,,,,,,,,,,,,,,
2078,2566,,,,,,,,,,,,,,,,,,,,,,,,,,,,,,,,,,,,,,,,,
139,1650,1807,2175,2216,2238,2249,2250,2271,2361,,,,,,,,,,,,,,,,,,,,,,,,,,,,,,,,,
104,122,127,599,1916,,,,,,,,,,,,,,,,,,,,,,,,,,,,,,,,,,,,,,
799,1699,2656,,,,,,,,,,,,,,,,,,,,,,,,,,,,,,,,,,,,,,,,
418,430,637,672,767,1122,1177,1260,1269,1312,1562,2215,2589,,,,,,,,,,,,,,,,,,,,,,,,,,,,,,
374,455,523,717,,,,,,,,,,,,,,,,,,,,,,,,,,,,,,,,,,,,,,,
1698,1805,,,,,,,,,,,,,,,,,,,,,,,,,,,,,,,,,,,,,,,,,
150,583,629,825,1215,1707,2544,,,,,,,,,,,,,,,,,,,,,,,,,,,,,,,,,,,,
684,1199,1238,1419,1425,1550,1702,,,,,,,,,,,,,,,,,,,,,,,,,,,,,,,,,,,,
176,756,2137,,,,,,,,,,,,,,,,,,,,,,,,,,,,,,,,,,,,,,,,
2628,2629,,,,,,,,,,,,,,,,,,,,,,,,,,,,,,,,,,,,,,,,,
391,607,1283,1939,,,,,,,,,,,,,,,,,,,,,,,,,,,,,,,,,,,,,,,
814,1080,,,,,,,,,,,,,,,,,,,,,,,,,,,,,,,,,,,,,,,,,
570,872,,,,,,,,,,,,,,,,,,,,,,,,,,,,,,,,,,,,,,,,,
2488,2575,,,,,,,,,,,,,,,,,,,,,,,,,,,,,,,,,,,,,,,,,
324,326,,,,,,,,,,,,,,,,,,,,,,,,,,,,,,,,,,,,,,,,,
349,2283,2284,,,,,,,,,,,,,,,,,,,,,,,,,,,,,,,,,,,,,,,,
820,2173,2204,,,,,,,,,,,,,,,,,,,,,,,,,,,,,,,,,,,,,,,,
288,1109,1164,1584,2037,2151,2157,2565,,,,,,,,,,,,,,,,,,,,,,,,,,,,,,,,,,,
484,1555,1739,,,,,,,,,,,,,,,,,,,,,,,,,,,,,,,,,,,,,,,,
556,2354,,,,,,,,,,,,,,,,,,,,,,,,,,,,,,,,,,,,,,,,,
1366,2374,,,,,,,,,,,,,,,,,,,,,,,,,,,,,,,,,,,,,,,,,
1870,2362,,,,,,,,,,,,,,,,,,,,,,,,,,,,,,,,,,,,,,,,,
163,2703,,,,,,,,,,,,,,,,,,,,,,,,,,,,,,,,,,,,,,,,,
946,1293,1600,2278,,,,,,,,,,,,,,,,,,,,,,,,,,,,,,,,,,,,,,,
259,937,1197,1263,1636,2338,2585,,,,,,,,,,,,,,,,,,,,,,,,,,,,,,,,,,,,
366,590,,,,,,,,,,,,,,,,,,,,,,,,,,,,,,,,,,,,,,,,,
1122,2132,,,,,,,,,,,,,,,,,,,,,,,,,,,,,,,,,,,,,,,,,
1093,1094,1652,2068,2085,2228,,,,,,,,,,,,,,,,,,,,,,,,,,,,,,,,,,,,,
854,956,995,1230,1231,1232,1495,1690,1736,1943,1971,2211,2598,,,,,,,,,,,,,,,,,,,,,,,,,,,,,,
820,829,962,1115,,,,,,,,,,,,,,,,,,,,,,,,,,,,,,,,,,,,,,,
870,995,1189,1224,1643,1690,1736,2332,2541,2673,,,,,,,,,,,,,,,,,,,,,,,,,,,,,,,,,
1751,2691,,,,,,,,,,,,,,,,,,,,,,,,,,,,,,,,,,,,,,,,,
422,793,1035,1069,1139,1216,1455,1685,2202,2638,,,,,,,,,,,,,,,,,,,,,,,,,,,,,,,,,
2191,2266,,,,,,,,,,,,,,,,,,,,,,,,,,,,,,,,,,,,,,,,,
665,666,,,,,,,,,,,,,,,,,,,,,,,,,,,,,,,,,,,,,,,,,
238,301,,,,,,,,,,,,,,,,,,,,,,,,,,,,,,,,,,,,,,,,,
40,481,761,1124,2059,,,,,,,,,,,,,,,,,,,,,,,,,,,,,,,,,,,,,,
2324,2326,,,,,,,,,,,,,,,,,,,,,,,,,,,,,,,,,,,,,,,,,
2030,2637,,,,,,,,,,,,,,,,,,,,,,,,,,,,,,,,,,,,,,,,,
851,1390,1491,,,,,,,,,,,,,,,,,,,,,,,,,,,,,,,,,,,,,,,,
377,622,,,,,,,,,,,,,,,,,,,,,,,,,,,,,,,,,,,,,,,,,
9,1433,1897,2146,,,,,,,,,,,,,,,,,,,,,,,,,,,,,,,,,,,,,,,
103,128,186,588,699,830,907,918,962,1146,2386,2387,2628,2629,,,,,,,,,,,,,,,,,,,,,,,,,,,,,
316,1413,,,,,,,,,,,,,,,,,,,,,,,,,,,,,,,,,,,,,,,,,
357,803,1439,,,,,,,,,,,,,,,,,,,,,,,,,,,,,,,,,,,,,,,,
1323,1820,2335,2383,2569,2582,,,,,,,,,,,,,,,,,,,,,,,,,,,,,,,,,,,,,
1781,2663,,,,,,,,,,,,,,,,,,,,,,,,,,,,,,,,,,,,,,,,,
1398,1616,,,,,,,,,,,,,,,,,,,,,,,,,,,,,,,,,,,,,,,,,
1154,1626,1732,2126,,,,,,,,,,,,,,,,,,,,,,,,,,,,,,,,,,,,,,,
89,492,788,905,976,1186,1193,1268,1397,2301,2323,2419,,,,,,,,,,,,,,,,,,,,,,,,,,,,,,,
210,644,1459,,,,,,,,,,,,,,,,,,,,,,,,,,,,,,,,,,,,,,,,
951,1401,,,,,,,,,,,,,,,,,,,,,,,,,,,,,,,,,,,,,,,,,
827,909,,,,,,,,,,,,,,,,,,,,,,,,,,,,,,,,,,,,,,,,,
51,645,742,,,,,,,,,,,,,,,,,,,,,,,,,,,,,,,,,,,,,,,,
2109,2110,2185,,,,,,,,,,,,,,,,,,,,,,,,,,,,,,,,,,,,,,,,
960,1085,1743,1963,2195,,,,,,,,,,,,,,,,,,,,,,,,,,,,,,,,,,,,,,
1324,1660,,,,,,,,,,,,,,,,,,,,,,,,,,,,,,,,,,,,,,,,,
313,1377,1475,1642,,,,,,,,,,,,,,,,,,,,,,,,,,,,,,,,,,,,,,,
236,1107,1617,,,,,,,,,,,,,,,,,,,,,,,,,,,,,,,,,,,,,,,,
901,1552,1553,,,,,,,,,,,,,,,,,,,,,,,,,,,,,,,,,,,,,,,,
164,1280,,,,,,,,,,,,,,,,,,,,,,,,,,,,,,,,,,,,,,,,,
634,901,1908,,,,,,,,,,,,,,,,,,,,,,,,,,,,,,,,,,,,,,,,
807,1438,1672,,,,,,,,,,,,,,,,,,,,,,,,,,,,,,,,,,,,,,,,
376,484,485,641,642,646,704,711,1017,1158,1555,1574,1603,1838,2347,2380,2514,2561,,,,,,,,,,,,,,,,,,,,,,,,,
94,126,,,,,,,,,,,,,,,,,,,,,,,,,,,,,,,,,,,,,,,,,
287,1618,2092,2146,2182,2356,2391,,,,,,,,,,,,,,,,,,,,,,,,,,,,,,,,,,,,
293,387,,,,,,,,,,,,,,,,,,,,,,,,,,,,,,,,,,,,,,,,,
1097,2676,,,,,,,,,,,,,,,,,,,,,,,,,,,,,,,,,,,,,,,,,
1813,1818,1896,2029,2055,,,,,,,,,,,,,,,,,,,,,,,,,,,,,,,,,,,,,,
2562,2595,,,,,,,,,,,,,,,,,,,,,,,,,,,,,,,,,,,,,,,,,
2413,2414,2507,,,,,,,,,,,,,,,,,,,,,,,,,,,,,,,,,,,,,,,,
1011,1073,1684,,,,,,,,,,,,,,,,,,,,,,,,,,,,,,,,,,,,,,,,
154,2703,,,,,,,,,,,,,,,,,,,,,,,,,,,,,,,,,,,,,,,,,
158,707,,,,,,,,,,,,,,,,,,,,,,,,,,,,,,,,,,,,,,,,,
759,1681,2311,,,,,,,,,,,,,,,,,,,,,,,,,,,,,,,,,,,,,,,,
2395,2665,,,,,,,,,,,,,,,,,,,,,,,,,,,,,,,,,,,,,,,,,
161,950,,,,,,,,,,,,,,,,,,,,,,,,,,,,,,,,,,,,,,,,,
507,1358,,,,,,,,,,,,,,,,,,,,,,,,,,,,,,,,,,,,,,,,,
47,303,318,853,887,983,1002,1019,1111,1154,1302,1531,1626,1735,1781,2294,2310,2369,2607,2663,,,,,,,,,,,,,,,,,,,,,,,
951,1401,1554,2502,2605,,,,,,,,,,,,,,,,,,,,,,,,,,,,,,,,,,,,,,
194,244,344,360,378,414,474,627,638,673,698,826,1057,1307,1359,1413,1422,1431,1457,1539,1562,1657,1869,1947,2057,2310,2409,2557,,,,,,,,,,,,,,,
23,1764,1765,1770,1938,,,,,,,,,,,,,,,,,,,,,,,,,,,,,,,,,,,,,,
344,638,,,,,,,,,,,,,,,,,,,,,,,,,,,,,,,,,,,,,,,,,
1681,1682,,,,,,,,,,,,,,,,,,,,,,,,,,,,,,,,,,,,,,,,,
946,968,1285,,,,,,,,,,,,,,,,,,,,,,,,,,,,,,,,,,,,,,,,
2084,2615,,,,,,,,,,,,,,,,,,,,,,,,,,,,,,,,,,,,,,,,,
88,762,2548,,,,,,,,,,,,,,,,,,,,,,,,,,,,,,,,,,,,,,,,
589,1509,,,,,,,,,,,,,,,,,,,,,,,,,,,,,,,,,,,,,,,,,
3,45,490,734,2494,,,,,,,,,,,,,,,,,,,,,,,,,,,,,,,,,,,,,,
640,1343,,,,,,,,,,,,,,,,,,,,,,,,,,,,,,,,,,,,,,,,,
8,384,1267,1671,1986,2127,2473,,,,,,,,,,,,,,,,,,,,,,,,,,,,,,,,,,,,
774,1145,1149,1150,1323,1630,1820,2041,2306,2335,2569,2582,2594,,,,,,,,,,,,,,,,,,,,,,,,,,,,,,
868,2588,,,,,,,,,,,,,,,,,,,,,,,,,,,,,,,,,,,,,,,,,
2140,2295,,,,,,,,,,,,,,,,,,,,,,,,,,,,,,,,,,,,,,,,,
1003,1360,,,,,,,,,,,,,,,,,,,,,,,,,,,,,,,,,,,,,,,,,
2105,2621,,,,,,,,,,,,,,,,,,,,,,,,,,,,,,,,,,,,,,,,,
938,974,1153,1694,2267,2670,,,,,,,,,,,,,,,,,,,,,,,,,,,,,,,,,,,,,
888,1992,,,,,,,,,,,,,,,,,,,,,,,,,,,,,,,,,,,,,,,,,
2601,2631,,,,,,,,,,,,,,,,,,,,,,,,,,,,,,,,,,,,,,,,,
1999,2003,,,,,,,,,,,,,,,,,,,,,,,,,,,,,,,,,,,,,,,,,
1185,1521,1740,,,,,,,,,,,,,,,,,,,,,,,,,,,,,,,,,,,,,,,,
1413,2038,,,,,,,,,,,,,,,,,,,,,,,,,,,,,,,,,,,,,,,,,
472,650,,,,,,,,,,,,,,,,,,,,,,,,,,,,,,,,,,,,,,,,,
523,717,,,,,,,,,,,,,,,,,,,,,,,,,,,,,,,,,,,,,,,,,
953,972,,,,,,,,,,,,,,,,,,,,,,,,,,,,,,,,,,,,,,,,,
308,459,791,884,1026,1095,1358,1360,1363,1364,1658,2028,2356,2653,,,,,,,,,,,,,,,,,,,,,,,,,,,,,
112,572,,,,,,,,,,,,,,,,,,,,,,,,,,,,,,,,,,,,,,,,,
479,523,717,,,,,,,,,,,,,,,,,,,,,,,,,,,,,,,,,,,,,,,,
1910,2081,2159,2242,2661,,,,,,,,,,,,,,,,,,,,,,,,,,,,,,,,,,,,,,
1380,1441,1611,,,,,,,,,,,,,,,,,,,,,,,,,,,,,,,,,,,,,,,,
727,1117,1261,1603,2089,,,,,,,,,,,,,,,,,,,,,,,,,,,,,,,,,,,,,,
796,1629,,,,,,,,,,,,,,,,,,,,,,,,,,,,,,,,,,,,,,,,,
922,923,1233,1416,,,,,,,,,,,,,,,,,,,,,,,,,,,,,,,,,,,,,,,
310,371,604,668,745,1038,1315,1366,1373,1526,1718,2239,2373,2374,2413,2414,2452,2507,2513,,,,,,,,,,,,,,,,,,,,,,,,
686,1273,,,,,,,,,,,,,,,,,,,,,,,,,,,,,,,,,,,,,,,,,
653,1677,2218,,,,,,,,,,,,,,,,,,,,,,,,,,,,,,,,,,,,,,,,
45,656,,,,,,,,,,,,,,,,,,,,,,,,,,,,,,,,,,,,,,,,,
1352,2692,,,,,,,,,,,,,,,,,,,,,,,,,,,,,,,,,,,,,,,,,
1109,1164,1584,2037,2151,,,,,,,,,,,,,,,,,,,,,,,,,,,,,,,,,,,,,,
1189,1643,,,,,,,,,,,,,,,,,,,,,,,,,,,,,,,,,,,,,,,,,
115,138,292,416,468,841,892,904,1977,1978,2025,2219,2421,2510,,,,,,,,,,,,,,,,,,,,,,,,,,,,,
1085,2636,,,,,,,,,,,,,,,,,,,,,,,,,,,,,,,,,,,,,,,,,
1930,2512,,,,,,,,,,,,,,,,,,,,,,,,,,,,,,,,,,,,,,,,,
272,914,1551,,,,,,,,,,,,,,,,,,,,,,,,,,,,,,,,,,,,,,,,
1894,2160,,,,,,,,,,,,,,,,,,,,,,,,,,,,,,,,,,,,,,,,,
643,1367,,,,,,,,,,,,,,,,,,,,,,,,,,,,,,,,,,,,,,,,,
2394,2427,,,,,,,,,,,,,,,,,,,,,,,,,,,,,,,,,,,,,,,,,
2149,2194,,,,,,,,,,,,,,,,,,,,,,,,,,,,,,,,,,,,,,,,,
1914,2176,2535,,,,,,,,,,,,,,,,,,,,,,,,,,,,,,,,,,,,,,,,
142,462,,,,,,,,,,,,,,,,,,,,,,,,,,,,,,,,,,,,,,,,,
325,2025,2456,,,,,,,,,,,,,,,,,,,,,,,,,,,,,,,,,,,,,,,,
987,1393,1502,,,,,,,,,,,,,,,,,,,,,,,,,,,,,,,,,,,,,,,,
71,406,2570,,,,,,,,,,,,,,,,,,,,,,,,,,,,,,,,,,,,,,,,
62,275,276,423,467,557,729,944,945,1816,1934,1993,2115,2241,2462,2463,2546,,,,,,,,,,,,,,,,,,,,,,,,,,
143,180,,,,,,,,,,,,,,,,,,,,,,,,,,,,,,,,,,,,,,,,,
10,190,193,280,356,408,420,447,510,519,630,1471,1501,2214,2223,,,,,,,,,,,,,,,,,,,,,,,,,,,,
378,1539,,,,,,,,,,,,,,,,,,,,,,,,,,,,,,,,,,,,,,,,,
251,857,1483,2052,2060,2061,2062,,,,,,,,,,,,,,,,,,,,,,,,,,,,,,,,,,,,
694,2337,2610,,,,,,,,,,,,,,,,,,,,,,,,,,,,,,,,,,,,,,,,
1003,1105,1360,2146,,,,,,,,,,,,,,,,,,,,,,,,,,,,,,,,,,,,,,,
482,578,,,,,,,,,,,,,,,,,,,,,,,,,,,,,,,,,,,,,,,,,
300,594,1194,1448,1621,,,,,,,,,,,,,,,,,,,,,,,,,,,,,,,,,,,,,,
219,712,757,846,1965,2058,2703,,,,,,,,,,,,,,,,,,,,,,,,,,,,,,,,,,,,
900,1351,,,,,,,,,,,,,,,,,,,,,,,,,,,,,,,,,,,,,,,,,
469,1026,1095,1364,1456,2028,,,,,,,,,,,,,,,,,,,,,,,,,,,,,,,,,,,,,
239,548,1378,1782,1791,2666,,,,,,,,,,,,,,,,,,,,,,,,,,,,,,,,,,,,,
237,1060,,,,,,,,,,,,,,,,,,,,,,,,,,,,,,,,,,,,,,,,,
1222,1321,,,,,,,,,,,,,,,,,,,,,,,,,,,,,,,,,,,,,,,,,
1404,2237,,,,,,,,,,,,,,,,,,,,,,,,,,,,,,,,,,,,,,,,,
523,717,,,,,,,,,,,,,,,,,,,,,,,,,,,,,,,,,,,,,,,,,
523,717,,,,,,,,,,,,,,,,,,,,,,,,,,,,,,,,,,,,,,,,,
608,2378,,,,,,,,,,,,,,,,,,,,,,,,,,,,,,,,,,,,,,,,,
256,1987,2399,2502,2509,,,,,,,,,,,,,,,,,,,,,,,,,,,,,,,,,,,,,,
2147,2500,,,,,,,,,,,,,,,,,,,,,,,,,,,,,,,,,,,,,,,,,
2458,2506,,,,,,,,,,,,,,,,,,,,,,,,,,,,,,,,,,,,,,,,,
21,118,2027,2672,,,,,,,,,,,,,,,,,,,,,,,,,,,,,,,,,,,,,,,
992,994,,,,,,,,,,,,,,,,,,,,,,,,,,,,,,,,,,,,,,,,,
826,1237,,,,,,,,,,,,,,,,,,,,,,,,,,,,,,,,,,,,,,,,,
2229,2339,,,,,,,,,,,,,,,,,,,,,,,,,,,,,,,,,,,,,,,,,
219,757,846,2703,,,,,,,,,,,,,,,,,,,,,,,,,,,,,,,,,,,,,,,
101,2680,2686,,,,,,,,,,,,,,,,,,,,,,,,,,,,,,,,,,,,,,,,
288,2157,,,,,,,,,,,,,,,,,,,,,,,,,,,,,,,,,,,,,,,,,
827,909,,,,,,,,,,,,,,,,,,,,,,,,,,,,,,,,,,,,,,,,,
2126,2282,2431,,,,,,,,,,,,,,,,,,,,,,,,,,,,,,,,,,,,,,,,
28,405,461,2283,2284,,,,,,,,,,,,,,,,,,,,,,,,,,,,,,,,,,,,,,
1870,2362,,,,,,,,,,,,,,,,,,,,,,,,,,,,,,,,,,,,,,,,,
294,367,370,466,471,552,1019,2305,,,,,,,,,,,,,,,,,,,,,,,,,,,,,,,,,,,
100,333,463,902,981,1467,1514,1708,,,,,,,,,,,,,,,,,,,,,,,,,,,,,,,,,,,
899,1565,,,,,,,,,,,,,,,,,,,,,,,,,,,,,,,,,,,,,,,,,
1749,2164,,,,,,,,,,,,,,,,,,,,,,,,,,,,,,,,,,,,,,,,,
1740,1751,2691,,,,,,,,,,,,,,,,,,,,,,,,,,,,,,,,,,,,,,,,
360,627,698,1057,1181,1307,1359,1431,1562,1657,,,,,,,,,,,,,,,,,,,,,,,,,,,,,,,,,
183,454,539,541,1210,1665,,,,,,,,,,,,,,,,,,,,,,,,,,,,,,,,,,,,,
1787,1871,,,,,,,,,,,,,,,,,,,,,,,,,,,,,,,,,,,,,,,,,
523,717,941,1113,1380,,,,,,,,,,,,,,,,,,,,,,,,,,,,,,,,,,,,,,
447,630,,,,,,,,,,,,,,,,,,,,,,,,,,,,,,,,,,,,,,,,,
1051,1052,,,,,,,,,,,,,,,,,,,,,,,,,,,,,,,,,,,,,,,,,
12,84,117,155,325,452,513,715,950,998,1240,1803,1913,2634,,,,,,,,,,,,,,,,,,,,,,,,,,,,,
664,677,1430,,,,,,,,,,,,,,,,,,,,,,,,,,,,,,,,,,,,,,,,
158,707,,,,,,,,,,,,,,,,,,,,,,,,,,,,,,,,,,,,,,,,,
1075,1340,2095,2230,2584,,,,,,,,,,,,,,,,,,,,,,,,,,,,,,,,,,,,,,
1609,1679,1721,1726,,,,,,,,,,,,,,,,,,,,,,,,,,,,,,,,,,,,,,,
343,1831,1832,1836,2688,2705,,,,,,,,,,,,,,,,,,,,,,,,,,,,,,,,,,,,,
601,1533,,,,,,,,,,,,,,,,,,,,,,,,,,,,,,,,,,,,,,,,,
2146,2467,,,,,,,,,,,,,,,,,,,,,,,,,,,,,,,,,,,,,,,,,
821,1055,1284,,,,,,,,,,,,,,,,,,,,,,,,,,,,,,,,,,,,,,,,
13,482,578,,,,,,,,,,,,,,,,,,,,,,,,,,,,,,,,,,,,,,,,
755,2490,,,,,,,,,,,,,,,,,,,,,,,,,,,,,,,,,,,,,,,,,
177,264,305,322,410,440,635,660,722,822,1092,1183,1191,1440,1480,1487,1539,1644,1732,2207,2310,2394,2423,2427,,,,,,,,,,,,,,,,,,,
1871,2505,,,,,,,,,,,,,,,,,,,,,,,,,,,,,,,,,,,,,,,,,
102,754,1833,2012,2333,2583,,,,,,,,,,,,,,,,,,,,,,,,,,,,,,,,,,,,,
1085,2070,2602,2640,,,,,,,,,,,,,,,,,,,,,,,,,,,,,,,,,,,,,,,
948,1282,1446,,,,,,,,,,,,,,,,,,,,,,,,,,,,,,,,,,,,,,,,
483,505,843,2328,2647,2658,,,,,,,,,,,,,,,,,,,,,,,,,,,,,,,,,,,,,
866,890,2477,,,,,,,,,,,,,,,,,,,,,,,,,,,,,,,,,,,,,,,,
33,832,967,1170,1701,,,,,,,,,,,,,,,,,,,,,,,,,,,,,,,,,,,,,,
1817,2464,,,,,,,,,,,,,,,,,,,,,,,,,,,,,,,,,,,,,,,,,
1114,1319,1371,1696,1771,,,,,,,,,,,,,,,,,,,,,,,,,,,,,,,,,,,,,,
523,717,,,,,,,,,,,,,,,,,,,,,,,,,,,,,,,,,,,,,,,,,
386,1866,2162,2272,2599,,,,,,,,,,,,,,,,,,,,,,,,,,,,,,,,,,,,,,
310,604,668,2513,,,,,,,,,,,,,,,,,,,,,,,,,,,,,,,,,,,,,,,
378,638,717,1189,1413,1429,1539,2057,,,,,,,,,,,,,,,,,,,,,,,,,,,,,,,,,,,
831,899,919,1088,1190,1565,1830,2243,2244,2245,2466,2471,,,,,,,,,,,,,,,,,,,,,,,,,,,,,,,
714,833,1035,1218,1299,1424,1516,1530,1670,2001,,,,,,,,,,,,,,,,,,,,,,,,,,,,,,,,,
132,2051,,,,,,,,,,,,,,,,,,,,,,,,,,,,,,,,,,,,,,,,,
99,759,784,850,855,917,1015,1338,1613,1614,1619,1722,1723,2578,,,,,,,,,,,,,,,,,,,,,,,,,,,,,
462,651,,,,,,,,,,,,,,,,,,,,,,,,,,,,,,,,,,,,,,,,,
1352,1672,1755,,,,,,,,,,,,,,,,,,,,,,,,,,,,,,,,,,,,,,,,
1961,2100,,,,,,,,,,,,,,,,,,,,,,,,,,,,,,,,,,,,,,,,,
908,919,2297,2304,,,,,,,,,,,,,,,,,,,,,,,,,,,,,,,,,,,,,,,
1770,1938,,,,,,,,,,,,,,,,,,,,,,,,,,,,,,,,,,,,,,,,,
2147,2500,,,,,,,,,,,,,,,,,,,,,,,,,,,,,,,,,,,,,,,,,
793,1216,,,,,,,,,,,,,,,,,,,,,,,,,,,,,,,,,,,,,,,,,
822,1644,2423,,,,,,,,,,,,,,,,,,,,,,,,,,,,,,,,,,,,,,,,
523,717,,,,,,,,,,,,,,,,,,,,,,,,,,,,,,,,,,,,,,,,,
165,195,196,216,432,,,,,,,,,,,,,,,,,,,,,,,,,,,,,,,,,,,,,,
2562,2595,,,,,,,,,,,,,,,,,,,,,,,,,,,,,,,,,,,,,,,,,
555,574,615,2360,2475,,,,,,,,,,,,,,,,,,,,,,,,,,,,,,,,,,,,,,
1324,1527,1894,2559,,,,,,,,,,,,,,,,,,,,,,,,,,,,,,,,,,,,,,,
1237,1422,1457,1637,1657,,,,,,,,,,,,,,,,,,,,,,,,,,,,,,,,,,,,,,
901,984,1048,1339,1552,1553,1570,1678,,,,,,,,,,,,,,,,,,,,,,,,,,,,,,,,,,,
523,717,941,1379,1380,1441,1611,2317,2624,,,,,,,,,,,,,,,,,,,,,,,,,,,,,,,,,,
1930,2512,,,,,,,,,,,,,,,,,,,,,,,,,,,,,,,,,,,,,,,,,
703,1798,2120,2201,2233,,,,,,,,,,,,,,,,,,,,,,,,,,,,,,,,,,,,,,
262,721,,,,,,,,,,,,,,,,,,,,,,,,,,,,,,,,,,,,,,,,,
430,1270,1337,,,,,,,,,,,,,,,,,,,,,,,,,,,,,,,,,,,,,,,,
1758,2412,,,,,,,,,,,,,,,,,,,,,,,,,,,,,,,,,,,,,,,,,
208,430,1020,1053,1270,1329,1335,1336,1337,1568,1833,2180,2197,2342,2343,2367,2443,2508,2577,,,,,,,,,,,,,,,,,,,,,,,,
2005,2320,2345,,,,,,,,,,,,,,,,,,,,,,,,,,,,,,,,,,,,,,,,
689,2633,,,,,,,,,,,,,,,,,,,,,,,,,,,,,,,,,,,,,,,,,
299,1827,2224,,,,,,,,,,,,,,,,,,,,,,,,,,,,,,,,,,,,,,,,
375,2657,,,,,,,,,,,,,,,,,,,,,,,,,,,,,,,,,,,,,,,,,
523,717,,,,,,,,,,,,,,,,,,,,,,,,,,,,,,,,,,,,,,,,,
2041,2306,,,,,,,,,,,,,,,,,,,,,,,,,,,,,,,,,,,,,,,,,
7,976,,,,,,,,,,,,,,,,,,,,,,,,,,,,,,,,,,,,,,,,,
106,224,597,675,1341,2650,,,,,,,,,,,,,,,,,,,,,,,,,,,,,,,,,,,,,
169,726,2552,,,,,,,,,,,,,,,,,,,,,,,,,,,,,,,,,,,,,,,,
2189,2190,2365,,,,,,,,,,,,,,,,,,,,,,,,,,,,,,,,,,,,,,,,
811,902,910,964,965,1117,1131,1253,1311,1432,1481,1673,2703,,,,,,,,,,,,,,,,,,,,,,,,,,,,,,
1329,2367,,,,,,,,,,,,,,,,,,,,,,,,,,,,,,,,,,,,,,,,,
1091,1656,,,,,,,,,,,,,,,,,,,,,,,,,,,,,,,,,,,,,,,,,
203,1418,2422,2499,,,,,,,,,,,,,,,,,,,,,,,,,,,,,,,,,,,,,,,
991,2328,,,,,,,,,,,,,,,,,,,,,,,,,,,,,,,,,,,,,,,,,
2354,2356,,,,,,,,,,,,,,,,,,,,,,,,,,,,,,,,,,,,,,,,,
2576,2678,,,,,,,,,,,,,,,,,,,,,,,,,,,,,,,,,,,,,,,,,
198,655,,,,,,,,,,,,,,,,,,,,,,,,,,,,,,,,,,,,,,,,,
985,2440,2543,2674,,,,,,,,,,,,,,,,,,,,,,,,,,,,,,,,,,,,,,,
1601,1781,2663,,,,,,,,,,,,,,,,,,,,,,,,,,,,,,,,,,,,,,,,
534,801,,,,,,,,,,,,,,,,,,,,,,,,,,,,,,,,,,,,,,,,,
602,1588,1590,1760,,,,,,,,,,,,,,,,,,,,,,,,,,,,,,,,,,,,,,,
193,280,519,,,,,,,,,,,,,,,,,,,,,,,,,,,,,,,,,,,,,,,,
607,1493,,,,,,,,,,,,,,,,,,,,,,,,,,,,,,,,,,,,,,,,,
905,1397,,,,,,,,,,,,,,,,,,,,,,,,,,,,,,,,,,,,,,,,,
1631,1769,2330,2604,,,,,,,,,,,,,,,,,,,,,,,,,,,,,,,,,,,,,,,
217,353,685,763,2355,,,,,,,,,,,,,,,,,,,,,,,,,,,,,,,,,,,,,,
1182,1726,,,,,,,,,,,,,,,,,,,,,,,,,,,,,,,,,,,,,,,,,
70,255,421,453,514,549,569,574,615,706,767,876,1025,1189,1363,1484,2015,2099,2327,2360,2653,,,,,,,,,,,,,,,,,,,,,,
22,37,72,104,122,124,127,146,175,191,202,204,448,500,561,563,599,741,771,982,1250,1251,1353,1767,1768,1811,1916,2257,2400,2410,2412,,,,,,,,,,,,
815,880,,,,,,,,,,,,,,,,,,,,,,,,,,,,,,,,,,,,,,,,,
2349,2413,2414,,,,,,,,,,,,,,,,,,,,,,,,,,,,,,,,,,,,,,,,
524,1169,1454,,,,,,,,,,,,,,,,,,,,,,,,,,,,,,,,,,,,,,,,
848,1180,1235,1620,2476,,,,,,,,,,,,,,,,,,,,,,,,,,,,,,,,,,,,,,
36,71,261,511,787,871,1128,1287,1559,1766,1810,2227,2340,,,,,,,,,,,,,,,,,,,,,,,,,,,,,,
371,587,,,,,,,,,,,,,,,,,,,,,,,,,,,,,,,,,,,,,,,,,
1123,1354,1674,1680,,,,,,,,,,,,,,,,,,,,,,,,,,,,,,,,,,,,,,,
1012,1316,,,,,,,,,,,,,,,,,,,,,,,,,,,,,,,,,,,,,,,,,
2394,2427,,,,,,,,,,,,,,,,,,,,,,,,,,,,,,,,,,,,,,,,,
242,1003,1004,1189,2168,2350,,,,,,,,,,,,,,,,,,,,,,,,,,,,,,,,,,,,,
4,107,108,498,499,564,738,898,1741,1841,,,,,,,,,,,,,,,,,,,,,,,,,,,,,,,,,
961,1009,,,,,,,,,,,,,,,,,,,,,,,,,,,,,,,,,,,,,,,,,
132,235,355,1093,1094,1652,1659,2068,2085,2228,2517,2533,2611,,,,,,,,,,,,,,,,,,,,,,,,,,,,,,
156,1165,1622,2213,2539,2617,,,,,,,,,,,,,,,,,,,,,,,,,,,,,,,,,,,,,
201,350,471,505,694,770,1295,1422,1511,1592,1754,1867,2230,2337,2606,2610,2611,,,,,,,,,,,,,,,,,,,,,,,,,,
1759,2288,2492,2697,2698,2700,,,,,,,,,,,,,,,,,,,,,,,,,,,,,,,,,,,,,
209,1249,1473,1474,1715,1734,2103,2353,,,,,,,,,,,,,,,,,,,,,,,,,,,,,,,,,,,
100,265,727,728,900,1016,1063,1110,1117,1131,1136,1249,1261,1333,1351,1603,1646,1740,1980,2089,2192,,,,,,,,,,,,,,,,,,,,,,
62,279,342,723,944,1934,2462,2474,,,,,,,,,,,,,,,,,,,,,,,,,,,,,,,,,,,
154,392,,,,,,,,,,,,,,,,,,,,,,,,,,,,,,,,,,,,,,,,,
307,2163,,,,,,,,,,,,,,,,,,,,,,,,,,,,,,,,,,,,,,,,,
25,334,778,,,,,,,,,,,,,,,,,,,,,,,,,,,,,,,,,,,,,,,,
1356,1430,,,,,,,,,,,,,,,,,,,,,,,,,,,,,,,,,,,,,,,,,
2262,2542,,,,,,,,,,,,,,,,,,,,,,,,,,,,,,,,,,,,,,,,,
6,1849,,,,,,,,,,,,,,,,,,,,,,,,,,,,,,,,,,,,,,,,,
1693,1779,,,,,,,,,,,,,,,,,,,,,,,,,,,,,,,,,,,,,,,,,
525,1419,1425,1427,1624,,,,,,,,,,,,,,,,,,,,,,,,,,,,,,,,,,,,,,
2225,2627,,,,,,,,,,,,,,,,,,,,,,,,,,,,,,,,,,,,,,,,,
81,647,,,,,,,,,,,,,,,,,,,,,,,,,,,,,,,,,,,,,,,,,
1008,1182,,,,,,,,,,,,,,,,,,,,,,,,,,,,,,,,,,,,,,,,,
1652,2517,2533,,,,,,,,,,,,,,,,,,,,,,,,,,,,,,,,,,,,,,,,
158,707,,,,,,,,,,,,,,,,,,,,,,,,,,,,,,,,,,,,,,,,,
302,428,598,,,,,,,,,,,,,,,,,,,,,,,,,,,,,,,,,,,,,,,,
273,372,538,689,1134,1143,1264,1562,1738,2165,2193,,,,,,,,,,,,,,,,,,,,,,,,,,,,,,,,
2523,2684,,,,,,,,,,,,,,,,,,,,,,,,,,,,,,,,,,,,,,,,,
976,2419,,,,,,,,,,,,,,,,,,,,,,,,,,,,,,,,,,,,,,,,,
1405,1406,,,,,,,,,,,,,,,,,,,,,,,,,,,,,,,,,,,,,,,,,
1041,2597,,,,,,,,,,,,,,,,,,,,,,,,,,,,,,,,,,,,,,,,,
1609,1679,,,,,,,,,,,,,,,,,,,,,,,,,,,,,,,,,,,,,,,,,
136,638,1413,1539,,,,,,,,,,,,,,,,,,,,,,,,,,,,,,,,,,,,,,,
152,1383,1384,1398,,,,,,,,,,,,,,,,,,,,,,,,,,,,,,,,,,,,,,,
102,478,523,717,754,2012,2073,,,,,,,,,,,,,,,,,,,,,,,,,,,,,,,,,,,,
1930,2512,,,,,,,,,,,,,,,,,,,,,,,,,,,,,,,,,,,,,,,,,
960,1085,1292,,,,,,,,,,,,,,,,,,,,,,,,,,,,,,,,,,,,,,,,
514,1062,1322,1661,1888,,,,,,,,,,,,,,,,,,,,,,,,,,,,,,,,,,,,,,
163,1834,2238,,,,,,,,,,,,,,,,,,,,,,,,,,,,,,,,,,,,,,,,
813,815,880,1077,1523,,,,,,,,,,,,,,,,,,,,,,,,,,,,,,,,,,,,,,
903,2032,,,,,,,,,,,,,,,,,,,,,,,,,,,,,,,,,,,,,,,,,
1881,2158,2449,2450,,,,,,,,,,,,,,,,,,,,,,,,,,,,,,,,,,,,,,,
1737,1936,,,,,,,,,,,,,,,,,,,,,,,,,,,,,,,,,,,,,,,,,
853,1698,1804,1805,2289,,,,,,,,,,,,,,,,,,,,,,,,,,,,,,,,,,,,,,
97,388,439,1740,2579,,,,,,,,,,,,,,,,,,,,,,,,,,,,,,,,,,,,,,
1,1721,,,,,,,,,,,,,,,,,,,,,,,,,,,,,,,,,,,,,,,,,
113,745,1884,1885,1886,1887,1902,,,,,,,,,,,,,,,,,,,,,,,,,,,,,,,,,,,,
527,1822,2662,,,,,,,,,,,,,,,,,,,,,,,,,,,,,,,,,,,,,,,,
90,257,473,480,667,804,1374,1546,2477,,,,,,,,,,,,,,,,,,,,,,,,,,,,,,,,,,
476,2639,,,,,,,,,,,,,,,,,,,,,,,,,,,,,,,,,,,,,,,,,
2109,2110,2185,2320,,,,,,,,,,,,,,,,,,,,,,,,,,,,,,,,,,,,,,,
159,1997,2420,2473,,,,,,,,,,,,,,,,,,,,,,,,,,,,,,,,,,,,,,,
714,1530,1670,2264,2519,,,,,,,,,,,,,,,,,,,,,,,,,,,,,,,,,,,,,,
1352,1564,1672,1755,,,,,,,,,,,,,,,,,,,,,,,,,,,,,,,,,,,,,,,
77,123,553,,,,,,,,,,,,,,,,,,,,,,,,,,,,,,,,,,,,,,,,
759,2578,,,,,,,,,,,,,,,,,,,,,,,,,,,,,,,,,,,,,,,,,
406,1659,1771,2129,2570,,,,,,,,,,,,,,,,,,,,,,,,,,,,,,,,,,,,,,
32,1752,,,,,,,,,,,,,,,,,,,,,,,,,,,,,,,,,,,,,,,,,
1021,1100,1610,,,,,,,,,,,,,,,,,,,,,,,,,,,,,,,,,,,,,,,,
8,384,,,,,,,,,,,,,,,,,,,,,,,,,,,,,,,,,,,,,,,,,
226,617,,,,,,,,,,,,,,,,,,,,,,,,,,,,,,,,,,,,,,,,,
1041,1129,2597,,,,,,,,,,,,,,,,,,,,,,,,,,,,,,,,,,,,,,,,
1853,2320,,,,,,,,,,,,,,,,,,,,,,,,,,,,,,,,,,,,,,,,,
2013,2382,,,,,,,,,,,,,,,,,,,,,,,,,,,,,,,,,,,,,,,,,
1076,1078,1281,,,,,,,,,,,,,,,,,,,,,,,,,,,,,,,,,,,,,,,,
165,195,196,216,432,735,,,,,,,,,,,,,,,,,,,,,,,,,,,,,,,,,,,,,
1236,1595,2210,,,,,,,,,,,,,,,,,,,,,,,,,,,,,,,,,,,,,,,,
2325,2538,,,,,,,,,,,,,,,,,,,,,,,,,,,,,,,,,,,,,,,,,
834,1067,1801,1814,1821,,,,,,,,,,,,,,,,,,,,,,,,,,,,,,,,,,,,,,
951,1554,2502,2605,,,,,,,,,,,,,,,,,,,,,,,,,,,,,,,,,,,,,,,
815,880,1077,,,,,,,,,,,,,,,,,,,,,,,,,,,,,,,,,,,,,,,,
2078,2241,2566,,,,,,,,,,,,,,,,,,,,,,,,,,,,,,,,,,,,,,,,
849,1082,,,,,,,,,,,,,,,,,,,,,,,,,,,,,,,,,,,,,,,,,
887,983,1302,1531,1735,,,,,,,,,,,,,,,,,,,,,,,,,,,,,,,,,,,,,,
523,717,,,,,,,,,,,,,,,,,,,,,,,,,,,,,,,,,,,,,,,,,
1698,1805,2289,,,,,,,,,,,,,,,,,,,,,,,,,,,,,,,,,,,,,,,,
385,516,2268,2579,,,,,,,,,,,,,,,,,,,,,,,,,,,,,,,,,,,,,,,
958,1878,,,,,,,,,,,,,,,,,,,,,,,,,,,,,,,,,,,,,,,,,
1054,1408,1921,1931,1951,2402,,,,,,,,,,,,,,,,,,,,,,,,,,,,,,,,,,,,,
1799,2205,,,,,,,,,,,,,,,,,,,,,,,,,,,,,,,,,,,,,,,,,
119,228,1669,2074,,,,,,,,,,,,,,,,,,,,,,,,,,,,,,,,,,,,,,,
1265,1725,,,,,,,,,,,,,,,,,,,,,,,,,,,,,,,,,,,,,,,,,
2283,2284,,,,,,,,,,,,,,,,,,,,,,,,,,,,,,,,,,,,,,,,,
158,433,707,,,,,,,,,,,,,,,,,,,,,,,,,,,,,,,,,,,,,,,,
1797,2704,,,,,,,,,,,,,,,,,,,,,,,,,,,,,,,,,,,,,,,,,
1853,1996,,,,,,,,,,,,,,,,,,,,,,,,,,,,,,,,,,,,,,,,,
783,785,1513,,,,,,,,,,,,,,,,,,,,,,,,,,,,,,,,,,,,,,,,
1340,1789,,,,,,,,,,,,,,,,,,,,,,,,,,,,,,,,,,,,,,,,,
2149,2194,,,,,,,,,,,,,,,,,,,,,,,,,,,,,,,,,,,,,,,,,
828,1681,,,,,,,,,,,,,,,,,,,,,,,,,,,,,,,,,,,,,,,,,
395,1940,1950,1958,2101,2226,2470,2478,,,,,,,,,,,,,,,,,,,,,,,,,,,,,,,,,,,
523,717,,,,,,,,,,,,,,,,,,,,,,,,,,,,,,,,,,,,,,,,,
1853,2320,,,,,,,,,,,,,,,,,,,,,,,,,,,,,,,,,,,,,,,,,
1972,2620,,,,,,,,,,,,,,,,,,,,,,,,,,,,,,,,,,,,,,,,,
69,2520,,,,,,,,,,,,,,,,,,,,,,,,,,,,,,,,,,,,,,,,,
194,673,,,,,,,,,,,,,,,,,,,,,,,,,,,,,,,,,,,,,,,,,
227,438,1031,1101,1111,2292,,,,,,,,,,,,,,,,,,,,,,,,,,,,,,,,,,,,,
2413,2414,,,,,,,,,,,,,,,,,,,,,,,,,,,,,,,,,,,,,,,,,
213,2063,,,,,,,,,,,,,,,,,,,,,,,,,,,,,,,,,,,,,,,,,
552,621,1019,,,,,,,,,,,,,,,,,,,,,,,,,,,,,,,,,,,,,,,,
378,717,1413,2057,,,,,,,,,,,,,,,,,,,,,,,,,,,,,,,,,,,,,,,
903,1519,2031,2032,,,,,,,,,,,,,,,,,,,,,,,,,,,,,,,,,,,,,,,
938,974,2196,2267,,,,,,,,,,,,,,,,,,,,,,,,,,,,,,,,,,,,,,,
43,129,808,863,1300,1320,1342,1450,1728,1779,,,,,,,,,,,,,,,,,,,,,,,,,,,,,,,,,
378,1413,,,,,,,,,,,,,,,,,,,,,,,,,,,,,,,,,,,,,,,,,
252,1696,1771,,,,,,,,,,,,,,,,,,,,,,,,,,,,,,,,,,,,,,,,
319,2692,,,,,,,,,,,,,,,,,,,,,,,,,,,,,,,,,,,,,,,,,
2170,2274,2298,,,,,,,,,,,,,,,,,,,,,,,,,,,,,,,,,,,,,,,,
986,2484,2614,2616,,,,,,,,,,,,,,,,,,,,,,,,,,,,,,,,,,,,,,,
317,417,508,,,,,,,,,,,,,,,,,,,,,,,,,,,,,,,,,,,,,,,,
484,485,641,642,646,704,711,1555,1574,1838,2347,2380,2514,2558,2561,,,,,,,,,,,,,,,,,,,,,,,,,,,,
2225,2627,,,,,,,,,,,,,,,,,,,,,,,,,,,,,,,,,,,,,,,,,
1675,2516,,,,,,,,,,,,,,,,,,,,,,,,,,,,,,,,,,,,,,,,,
128,820,829,830,907,918,1115,1146,2386,2387,,,,,,,,,,,,,,,,,,,,,,,,,,,,,,,,,
1390,2335,,,,,,,,,,,,,,,,,,,,,,,,,,,,,,,,,,,,,,,,,
1160,1166,,,,,,,,,,,,,,,,,,,,,,,,,,,,,,,,,,,,,,,,,
1632,1676,,,,,,,,,,,,,,,,,,,,,,,,,,,,,,,,,,,,,,,,,
774,1149,1150,1323,,,,,,,,,,,,,,,,,,,,,,,,,,,,,,,,,,,,,,,
616,1031,2292,,,,,,,,,,,,,,,,,,,,,,,,,,,,,,,,,,,,,,,,
449,2057,,,,,,,,,,,,,,,,,,,,,,,,,,,,,,,,,,,,,,,,,
2149,2194,,,,,,,,,,,,,,,,,,,,,,,,,,,,,,,,,,,,,,,,,
785,1513,,,,,,,,,,,,,,,,,,,,,,,,,,,,,,,,,,,,,,,,,
561,741,,,,,,,,,,,,,,,,,,,,,,,,,,,,,,,,,,,,,,,,,
2008,2022,2153,2219,2234,,,,,,,,,,,,,,,,,,,,,,,,,,,,,,,,,,,,,,
636,764,988,1573,1719,2174,2687,,,,,,,,,,,,,,,,,,,,,,,,,,,,,,,,,,,,
2096,2142,,,,,,,,,,,,,,,,,,,,,,,,,,,,,,,,,,,,,,,,,
1813,1818,2198,2695,2696,,,,,,,,,,,,,,,,,,,,,,,,,,,,,,,,,,,,,,
2033,2622,,,,,,,,,,,,,,,,,,,,,,,,,,,,,,,,,,,,,,,,,
1256,1478,1692,1824,1862,1863,1964,2006,2675,,,,,,,,,,,,,,,,,,,,,,,,,,,,,,,,,,
1054,1408,1921,1931,2402,,,,,,,,,,,,,,,,,,,,,,,,,,,,,,,,,,,,,,
580,817,818,819,1212,,,,,,,,,,,,,,,,,,,,,,,,,,,,,,,,,,,,,,
843,2658,,,,,,,,,,,,,,,,,,,,,,,,,,,,,,,,,,,,,,,,,
1176,1188,,,,,,,,,,,,,,,,,,,,,,,,,,,,,,,,,,,,,,,,,
523,717,,,,,,,,,,,,,,,,,,,,,,,,,,,,,,,,,,,,,,,,,
2260,2501,,,,,,,,,,,,,,,,,,,,,,,,,,,,,,,,,,,,,,,,,
986,2057,2484,2616,,,,,,,,,,,,,,,,,,,,,,,,,,,,,,,,,,,,,,,
39,471,505,600,631,882,1366,1422,1511,1822,2230,,,,,,,,,,,,,,,,,,,,,,,,,,,,,,,,
1405,1406,,,,,,,,,,,,,,,,,,,,,,,,,,,,,,,,,,,,,,,,,
61,240,1892,2128,2131,2308,2319,2479,2652,,,,,,,,,,,,,,,,,,,,,,,,,,,,,,,,,,
1826,2630,,,,,,,,,,,,,,,,,,,,,,,,,,,,,,,,,,,,,,,,,
649,1234,1322,,,,,,,,,,,,,,,,,,,,,,,,,,,,,,,,,,,,,,,,
1999,2003,2515,,,,,,,,,,,,,,,,,,,,,,,,,,,,,,,,,,,,,,,,
80,2044,,,,,,,,,,,,,,,,,,,,,,,,,,,,,,,,,,,,,,,,,
3,63,247,490,502,671,734,749,750,1727,1975,2655,,,,,,,,,,,,,,,,,,,,,,,,,,,,,,,
745,1886,,,,,,,,,,,,,,,,,,,,,,,,,,,,,,,,,,,,,,,,,
1408,1921,,,,,,,,,,,,,,,,,,,,,,,,,,,,,,,,,,,,,,,,,
224,1208,,,,,,,,,,,,,,,,,,,,,,,,,,,,,,,,,,,,,,,,,
217,241,336,685,763,2355,,,,,,,,,,,,,,,,,,,,,,,,,,,,,,,,,,,,,
378,1539,,,,,,,,,,,,,,,,,,,,,,,,,,,,,,,,,,,,,,,,,
1341,1413,1776,,,,,,,,,,,,,,,,,,,,,,,,,,,,,,,,,,,,,,,,
911,1304,,,,,,,,,,,,,,,,,,,,,,,,,,,,,,,,,,,,,,,,,
1631,1769,2330,2604,,,,,,,,,,,,,,,,,,,,,,,,,,,,,,,,,,,,,,,
689,745,1019,,,,,,,,,,,,,,,,,,,,,,,,,,,,,,,,,,,,,,,,
1874,1920,,,,,,,,,,,,,,,,,,,,,,,,,,,,,,,,,,,,,,,,,
668,1508,2239,,,,,,,,,,,,,,,,,,,,,,,,,,,,,,,,,,,,,,,,
78,157,181,214,328,393,518,560,662,737,740,1116,1922,1988,2020,2024,2417,2532,2540,,,,,,,,,,,,,,,,,,,,,,,,
2005,2320,2345,,,,,,,,,,,,,,,,,,,,,,,,,,,,,,,,,,,,,,,,
417,508,,,,,,,,,,,,,,,,,,,,,,,,,,,,,,,,,,,,,,,,,
2381,2667,,,,,,,,,,,,,,,,,,,,,,,,,,,,,,,,,,,,,,,,,
292,841,1347,,,,,,,,,,,,,,,,,,,,,,,,,,,,,,,,,,,,,,,,
944,1245,2569,2582,,,,,,,,,,,,,,,,,,,,,,,,,,,,,,,,,,,,,,,
2262,2542,,,,,,,,,,,,,,,,,,,,,,,,,,,,,,,,,,,,,,,,,
166,1234,,,,,,,,,,,,,,,,,,,,,,,,,,,,,,,,,,,,,,,,,
255,421,767,876,1006,1269,1449,1712,1924,2015,2034,2040,2327,,,,,,,,,,,,,,,,,,,,,,,,,,,,,,
2116,2125,,,,,,,,,,,,,,,,,,,,,,,,,,,,,,,,,,,,,,,,,
903,2031,2171,,,,,,,,,,,,,,,,,,,,,,,,,,,,,,,,,,,,,,,,
768,2547,,,,,,,,,,,,,,,,,,,,,,,,,,,,,,,,,,,,,,,,,
574,2360,,,,,,,,,,,,,,,,,,,,,,,,,,,,,,,,,,,,,,,,,
2448,2526,,,,,,,,,,,,,,,,,,,,,,,,,,,,,,,,,,,,,,,,,
535,932,1024,1223,1561,1607,2059,2560,,,,,,,,,,,,,,,,,,,,,,,,,,,,,,,,,,,
235,1652,,,,,,,,,,,,,,,,,,,,,,,,,,,,,,,,,,,,,,,,,
838,1458,,,,,,,,,,,,,,,,,,,,,,,,,,,,,,,,,,,,,,,,,
737,2024,2358,,,,,,,,,,,,,,,,,,,,,,,,,,,,,,,,,,,,,,,,
528,957,1066,1198,1394,1591,2344,,,,,,,,,,,,,,,,,,,,,,,,,,,,,,,,,,,,
109,672,2155,,,,,,,,,,,,,,,,,,,,,,,,,,,,,,,,,,,,,,,,
38,1134,1689,,,,,,,,,,,,,,,,,,,,,,,,,,,,,,,,,,,,,,,,
471,505,747,1422,1511,2230,,,,,,,,,,,,,,,,,,,,,,,,,,,,,,,,,,,,,
14,258,,,,,,,,,,,,,,,,,,,,,,,,,,,,,,,,,,,,,,,,,
433,598,,,,,,,,,,,,,,,,,,,,,,,,,,,,,,,,,,,,,,,,,
596,2109,2110,2320,2418,,,,,,,,,,,,,,,,,,,,,,,,,,,,,,,,,,,,,,
609,1518,,,,,,,,,,,,,,,,,,,,,,,,,,,,,,,,,,,,,,,,,
22,37,563,982,1768,2444,,,,,,,,,,,,,,,,,,,,,,,,,,,,,,,,,,,,,
585,1226,1259,1833,1944,,,,,,,,,,,,,,,,,,,,,,,,,,,,,,,,,,,,,,
2134,2644,,,,,,,,,,,,,,,,,,,,,,,,,,,,,,,,,,,,,,,,,
1172,2529,,,,,,,,,,,,,,,,,,,,,,,,,,,,,,,,,,,,,,,,,
160,1750,,,,,,,,,,,,,,,,,,,,,,,,,,,,,,,,,,,,,,,,,
2236,2435,,,,,,,,,,,,,,,,,,,,,,,,,,,,,,,,,,,,,,,,,
723,2406,,,,,,,,,,,,,,,,,,,,,,,,,,,,,,,,,,,,,,,,,
683,1860,,,,,,,,,,,,,,,,,,,,,,,,,,,,,,,,,,,,,,,,,
935,2173,2204,,,,,,,,,,,,,,,,,,,,,,,,,,,,,,,,,,,,,,,,
2045,2550,,,,,,,,,,,,,,,,,,,,,,,,,,,,,,,,,,,,,,,,,
166,457,2123,2403,2581,,,,,,,,,,,,,,,,,,,,,,,,,,,,,,,,,,,,,,
2698,2700,,,,,,,,,,,,,,,,,,,,,,,,,,,,,,,,,,,,,,,,,
745,1884,1885,1886,1902,,,,,,,,,,,,,,,,,,,,,,,,,,,,,,,,,,,,,,
477,638,745,1718,2295,,,,,,,,,,,,,,,,,,,,,,,,,,,,,,,,,,,,,,
111,797,886,939,1242,1645,1915,1981,2491,2497,,,,,,,,,,,,,,,,,,,,,,,,,,,,,,,,,
237,1060,,,,,,,,,,,,,,,,,,,,,,,,,,,,,,,,,,,,,,,,,
2045,2550,,,,,,,,,,,,,,,,,,,,,,,,,,,,,,,,,,,,,,,,,
196,302,,,,,,,,,,,,,,,,,,,,,,,,,,,,,,,,,,,,,,,,,
194,673,,,,,,,,,,,,,,,,,,,,,,,,,,,,,,,,,,,,,,,,,
130,267,,,,,,,,,,,,,,,,,,,,,,,,,,,,,,,,,,,,,,,,,
1799,2205,,,,,,,,,,,,,,,,,,,,,,,,,,,,,,,,,,,,,,,,,
1864,2276,,,,,,,,,,,,,,,,,,,,,,,,,,,,,,,,,,,,,,,,,
911,1019,1304,1946,2057,2091,2473,,,,,,,,,,,,,,,,,,,,,,,,,,,,,,,,,,,,
14,258,427,751,,,,,,,,,,,,,,,,,,,,,,,,,,,,,,,,,,,,,,,
418,430,637,743,744,1104,1177,1262,1413,1562,1865,2131,2316,2319,,,,,,,,,,,,,,,,,,,,,,,,,,,,,
268,616,,,,,,,,,,,,,,,,,,,,,,,,,,,,,,,,,,,,,,,,,
544,2300,,,,,,,,,,,,,,,,,,,,,,,,,,,,,,,,,,,,,,,,,
497,977,2057,,,,,,,,,,,,,,,,,,,,,,,,,,,,,,,,,,,,,,,,
1145,1820,2335,,,,,,,,,,,,,,,,,,,,,,,,,,,,,,,,,,,,,,,,
327,971,,,,,,,,,,,,,,,,,,,,,,,,,,,,,,,,,,,,,,,,,
224,1208,,,,,,,,,,,,,,,,,,,,,,,,,,,,,,,,,,,,,,,,,
2170,2298,,,,,,,,,,,,,,,,,,,,,,,,,,,,,,,,,,,,,,,,,
131,1516,,,,,,,,,,,,,,,,,,,,,,,,,,,,,,,,,,,,,,,,,
193,280,519,,,,,,,,,,,,,,,,,,,,,,,,,,,,,,,,,,,,,,,,
155,352,896,996,,,,,,,,,,,,,,,,,,,,,,,,,,,,,,,,,,,,,,,
1915,1981,2491,2497,,,,,,,,,,,,,,,,,,,,,,,,,,,,,,,,,,,,,,,
624,625,659,695,700,836,926,1541,1576,1967,2346,,,,,,,,,,,,,,,,,,,,,,,,,,,,,,,,
1889,2648,,,,,,,,,,,,,,,,,,,,,,,,,,,,,,,,,,,,,,,,,
786,791,1026,,,,,,,,,,,,,,,,,,,,,,,,,,,,,,,,,,,,,,,,
2601,2631,,,,,,,,,,,,,,,,,,,,,,,,,,,,,,,,,,,,,,,,,
866,890,,,,,,,,,,,,,,,,,,,,,,,,,,,,,,,,,,,,,,,,,
1979,2182,,,,,,,,,,,,,,,,,,,,,,,,,,,,,,,,,,,,,,,,,
794,795,2651,,,,,,,,,,,,,,,,,,,,,,,,,,,,,,,,,,,,,,,,
27,347,1029,1090,2456,,,,,,,,,,,,,,,,,,,,,,,,,,,,,,,,,,,,,,
1969,2200,2703,,,,,,,,,,,,,,,,,,,,,,,,,,,,,,,,,,,,,,,,
1006,1387,1751,2040,2121,2212,2691,,,,,,,,,,,,,,,,,,,,,,,,,,,,,,,,,,,,
2038,2635,,,,,,,,,,,,,,,,,,,,,,,,,,,,,,,,,,,,,,,,,
14,75,190,258,356,751,,,,,,,,,,,,,,,,,,,,,,,,,,,,,,,,,,,,,
636,2174,,,,,,,,,,,,,,,,,,,,,,,,,,,,,,,,,,,,,,,,,
547,1274,1577,2707,,,,,,,,,,,,,,,,,,,,,,,,,,,,,,,,,,,,,,,
1672,2432,,,,,,,,,,,,,,,,,,,,,,,,,,,,,,,,,,,,,,,,,
90,869,1291,1374,1548,1933,1988,2401,,,,,,,,,,,,,,,,,,,,,,,,,,,,,,,,,,,
1987,2502,,,,,,,,,,,,,,,,,,,,,,,,,,,,,,,,,,,,,,,,,
657,1581,,,,,,,,,,,,,,,,,,,,,,,,,,,,,,,,,,,,,,,,,
551,2473,2551,,,,,,,,,,,,,,,,,,,,,,,,,,,,,,,,,,,,,,,,
337,363,674,,,,,,,,,,,,,,,,,,,,,,,,,,,,,,,,,,,,,,,,
317,417,508,,,,,,,,,,,,,,,,,,,,,,,,,,,,,,,,,,,,,,,,
1928,2114,2124,,,,,,,,,,,,,,,,,,,,,,,,,,,,,,,,,,,,,,,,
1672,1755,,,,,,,,,,,,,,,,,,,,,,,,,,,,,,,,,,,,,,,,,
293,576,1200,1245,1710,2503,,,,,,,,,,,,,,,,,,,,,,,,,,,,,,,,,,,,,
2191,2268,2275,2504,,,,,,,,,,,,,,,,,,,,,,,,,,,,,,,,,,,,,,,
163,1689,2703,,,,,,,,,,,,,,,,,,,,,,,,,,,,,,,,,,,,,,,,
1007,1489,,,,,,,,,,,,,,,,,,,,,,,,,,,,,,,,,,,,,,,,,
987,1053,1185,1361,1766,2340,2384,,,,,,,,,,,,,,,,,,,,,,,,,,,,,,,,,,,,
1534,1556,,,,,,,,,,,,,,,,,,,,,,,,,,,,,,,,,,,,,,,,,
1827,2320,2418,,,,,,,,,,,,,,,,,,,,,,,,,,,,,,,,,,,,,,,,
115,182,468,491,1856,1906,2421,,,,,,,,,,,,,,,,,,,,,,,,,,,,,,,,,,,,
387,929,2442,,,,,,,,,,,,,,,,,,,,,,,,,,,,,,,,,,,,,,,,
2186,2321,,,,,,,,,,,,,,,,,,,,,,,,,,,,,,,,,,,,,,,,,
292,904,,,,,,,,,,,,,,,,,,,,,,,,,,,,,,,,,,,,,,,,,
273,372,,,,,,,,,,,,,,,,,,,,,,,,,,,,,,,,,,,,,,,,,
827,909,1206,1544,,,,,,,,,,,,,,,,,,,,,,,,,,,,,,,,,,,,,,,
1167,1330,1331,1332,,,,,,,,,,,,,,,,,,,,,,,,,,,,,,,,,,,,,,,
243,1740,,,,,,,,,,,,,,,,,,,,,,,,,,,,,,,,,,,,,,,,,
496,503,2393,,,,,,,,,,,,,,,,,,,,,,,,,,,,,,,,,,,,,,,,
2,295,1189,,,,,,,,,,,,,,,,,,,,,,,,,,,,,,,,,,,,,,,,
354,834,839,867,1067,1072,1814,1821,,,,,,,,,,,,,,,,,,,,,,,,,,,,,,,,,,,
378,638,1413,1539,1865,,,,,,,,,,,,,,,,,,,,,,,,,,,,,,,,,,,,,,
515,637,,,,,,,,,,,,,,,,,,,,,,,,,,,,,,,,,,,,,,,,,
254,753,,,,,,,,,,,,,,,,,,,,,,,,,,,,,,,,,,,,,,,,,
516,2268,2445,2579,,,,,,,,,,,,,,,,,,,,,,,,,,,,,,,,,,,,,,,
781,1533,,,,,,,,,,,,,,,,,,,,,,,,,,,,,,,,,,,,,,,,,
812,814,1044,1080,1216,1365,1903,,,,,,,,,,,,,,,,,,,,,,,,,,,,,,,,,,,,
109,170,549,574,615,640,672,847,848,967,1032,1363,1376,1388,1586,2182,2360,2455,2653,,,,,,,,,,,,,,,,,,,,,,,,
205,1051,,,,,,,,,,,,,,,,,,,,,,,,,,,,,,,,,,,,,,,,,
14,258,751,,,,,,,,,,,,,,,,,,,,,,,,,,,,,,,,,,,,,,,,
711,2518,,,,,,,,,,,,,,,,,,,,,,,,,,,,,,,,,,,,,,,,,
2324,2326,,,,,,,,,,,,,,,,,,,,,,,,,,,,,,,,,,,,,,,,,
783,785,862,1155,1407,1812,,,,,,,,,,,,,,,,,,,,,,,,,,,,,,,,,,,,,
31,708,736,,,,,,,,,,,,,,,,,,,,,,,,,,,,,,,,,,,,,,,,
471,1189,,,,,,,,,,,,,,,,,,,,,,,,,,,,,,,,,,,,,,,,,
405,407,409,461,586,774,968,1149,1150,1285,1293,1323,1600,1606,1630,2041,2278,2284,2306,2383,2594,,,,,,,,,,,,,,,,,,,,,,
1492,1538,1724,,,,,,,,,,,,,,,,,,,,,,,,,,,,,,,,,,,,,,,,
46,238,253,301,489,1815,,,,,,,,,,,,,,,,,,,,,,,,,,,,,,,,,,,,,
180,2265,,,,,,,,,,,,,,,,,,,,,,,,,,,,,,,,,,,,,,,,,
85,198,294,425,465,655,1740,2368,2672,,,,,,,,,,,,,,,,,,,,,,,,,,,,,,,,,,
1754,1867,1929,,,,,,,,,,,,,,,,,,,,,,,,,,,,,,,,,,,,,,,,
140,323,1024,2059,2292,,,,,,,,,,,,,,,,,,,,,,,,,,,,,,,,,,,,,,
1033,1174,1297,,,,,,,,,,,,,,,,,,,,,,,,,,,,,,,,,,,,,,,,
82,305,410,1440,,,,,,,,,,,,,,,,,,,,,,,,,,,,,,,,,,,,,,,
506,868,,,,,,,,,,,,,,,,,,,,,,,,,,,,,,,,,,,,,,,,,
145,390,1224,2251,2280,2286,,,,,,,,,,,,,,,,,,,,,,,,,,,,,,,,,,,,,
345,2654,,,,,,,,,,,,,,,,,,,,,,,,,,,,,,,,,,,,,,,,,
185,389,1900,,,,,,,,,,,,,,,,,,,,,,,,,,,,,,,,,,,,,,,,
1054,1408,1719,1921,1931,2402,2703,,,,,,,,,,,,,,,,,,,,,,,,,,,,,,,,,,,,
87,134,294,321,565,566,567,568,739,1118,1192,1202,1954,2118,2135,2150,2222,2480,,,,,,,,,,,,,,,,,,,,,,,,,
0,8,384,1267,1671,,,,,,,,,,,,,,,,,,,,,,,,,,,,,,,,,,,,,,
678,689,,,,,,,,,,,,,,,,,,,,,,,,,,,,,,,,,,,,,,,,,
407,409,512,1298,1606,,,,,,,,,,,,,,,,,,,,,,,,,,,,,,,,,,,,,,
1108,1276,1308,1415,1503,1504,1506,1507,1525,,,,,,,,,,,,,,,,,,,,,,,,,,,,,,,,,,
2136,2148,,,,,,,,,,,,,,,,,,,,,,,,,,,,,,,,,,,,,,,,,
790,1510,,,,,,,,,,,,,,,,,,,,,,,,,,,,,,,,,,,,,,,,,
782,1607,2260,2501,,,,,,,,,,,,,,,,,,,,,,,,,,,,,,,,,,,,,,,
21,118,941,2027,2317,2624,2672,,,,,,,,,,,,,,,,,,,,,,,,,,,,,,,,,,,,
296,438,692,,,,,,,,,,,,,,,,,,,,,,,,,,,,,,,,,,,,,,,,
35,227,268,296,438,616,692,1111,1328,2046,,,,,,,,,,,,,,,,,,,,,,,,,,,,,,,,,
1482,2067,2448,2526,,,,,,,,,,,,,,,,,,,,,,,,,,,,,,,,,,,,,,,
97,192,193,280,388,420,439,519,705,1421,2214,2549,2608,,,,,,,,,,,,,,,,,,,,,,,,,,,,,,
719,2476,,,,,,,,,,,,,,,,,,,,,,,,,,,,,,,,,,,,,,,,,
639,2026,2552,,,,,,,,,,,,,,,,,,,,,,,,,,,,,,,,,,,,,,,,
15,143,144,234,444,,,,,,,,,,,,,,,,,,,,,,,,,,,,,,,,,,,,,,
1750,1890,2009,,,,,,,,,,,,,,,,,,,,,,,,,,,,,,,,,,,,,,,,
219,757,846,2703,,,,,,,,,,,,,,,,,,,,,,,,,,,,,,,,,,,,,,,
58,200,206,291,411,447,531,536,630,693,805,930,948,980,990,1021,1028,1037,1042,1043,1100,1254,1281,1282,1435,1446,1464,1470,1471,1490,1501,1610,1633,1746,1891,1948,2186,2187,2314,2321,2439,2542,2553
86,249,373,652,,,,,,,,,,,,,,,,,,,,,,,,,,,,,,,,,,,,,,,
38,1662,,,,,,,,,,,,,,,,,,,,,,,,,,,,,,,,,,,,,,,,,
1346,1413,2527,,,,,,,,,,,,,,,,,,,,,,,,,,,,,,,,,,,,,,,,
746,2224,,,,,,,,,,,,,,,,,,,,,,,,,,,,,,,,,,,,,,,,,
186,588,699,2386,2387,,,,,,,,,,,,,,,,,,,,,,,,,,,,,,,,,,,,,,
1890,2039,,,,,,,,,,,,,,,,,,,,,,,,,,,,,,,,,,,,,,,,,
106,136,344,378,597,638,675,1413,1434,1479,1539,1776,2440,2509,2543,2674,,,,,,,,,,,,,,,,,,,,,,,,,,,
759,1619,,,,,,,,,,,,,,,,,,,,,,,,,,,,,,,,,,,,,,,,,
900,973,993,1351,,,,,,,,,,,,,,,,,,,,,,,,,,,,,,,,,,,,,,,
62,632,788,945,1414,2034,2419,,,,,,,,,,,,,,,,,,,,,,,,,,,,,,,,,,,,
504,702,,,,,,,,,,,,,,,,,,,,,,,,,,,,,,,,,,,,,,,,,
264,635,660,722,,,,,,,,,,,,,,,,,,,,,,,,,,,,,,,,,,,,,,,
58,536,1891,,,,,,,,,,,,,,,,,,,,,,,,,,,,,,,,,,,,,,,,
133,368,413,608,611,864,1079,1389,1499,2378,,,,,,,,,,,,,,,,,,,,,,,,,,,,,,,,,
892,1713,,,,,,,,,,,,,,,,,,,,,,,,,,,,,,,,,,,,,,,,,
1046,1047,1138,1344,1345,1348,1640,,,,,,,,,,,,,,,,,,,,,,,,,,,,,,,,,,,,
1441,1611,1638,,,,,,,,,,,,,,,,,,,,,,,,,,,,,,,,,,,,,,,,
48,76,90,246,257,748,969,1375,1452,1783,1857,1926,1941,2456,2682,,,,,,,,,,,,,,,,,,,,,,,,,,,,
211,1894,2076,,,,,,,,,,,,,,,,,,,,,,,,,,,,,,,,,,,,,,,,
162,2485,,,,,,,,,,,,,,,,,,,,,,,,,,,,,,,,,,,,,,,,,
158,707,,,,,,,,,,,,,,,,,,,,,,,,,,,,,,,,,,,,,,,,,
858,1084,,,,,,,,,,,,,,,,,,,,,,,,,,,,,,,,,,,,,,,,,
1005,1313,1623,1655,,,,,,,,,,,,,,,,,,,,,,,,,,,,,,,,,,,,,,,
1756,2613,,,,,,,,,,,,,,,,,,,,,,,,,,,,,,,,,,,,,,,,,
580,581,643,817,818,819,1125,1126,1212,1367,1496,1497,1843,2184,2371,2372,2398,2399,2489,2626,,,,,,,,,,,,,,,,,,,,,,,
41,1742,2456,,,,,,,,,,,,,,,,,,,,,,,,,,,,,,,,,,,,,,,,
1412,1692,,,,,,,,,,,,,,,,,,,,,,,,,,,,,,,,,,,,,,,,,
1385,1635,1653,1706,,,,,,,,,,,,,,,,,,,,,,,,,,,,,,,,,,,,,,,
2584,2632,,,,,,,,,,,,,,,,,,,,,,,,,,,,,,,,,,,,,,,,,
2236,2435,,,,,,,,,,,,,,,,,,,,,,,,,,,,,,,,,,,,,,,,,
1740,1826,,,,,,,,,,,,,,,,,,,,,,,,,,,,,,,,,,,,,,,,,
217,685,763,2355,,,,,,,,,,,,,,,,,,,,,,,,,,,,,,,,,,,,,,,
1028,1037,1746,1948,,,,,,,,,,,,,,,,,,,,,,,,,,,,,,,,,,,,,,,
602,1588,1590,1760,,,,,,,,,,,,,,,,,,,,,,,,,,,,,,,,,,,,,,,
271,718,,,,,,,,,,,,,,,,,,,,,,,,,,,,,,,,,,,,,,,,,
1650,2216,2361,,,,,,,,,,,,,,,,,,,,,,,,,,,,,,,,,,,,,,,,
935,2051,,,,,,,,,,,,,,,,,,,,,,,,,,,,,,,,,,,,,,,,,
1549,2293,,,,,,,,,,,,,,,,,,,,,,,,,,,,,,,,,,,,,,,,,
2395,2665,,,,,,,,,,,,,,,,,,,,,,,,,,,,,,,,,,,,,,,,,
913,1894,,,,,,,,,,,,,,,,,,,,,,,,,,,,,,,,,,,,,,,,,
15,42,144,163,180,188,189,209,234,415,753,755,1715,1725,1734,1872,1958,2102,2103,2353,2490,2664,,,,,,,,,,,,,,,,,,,,,
313,534,801,1542,,,,,,,,,,,,,,,,,,,,,,,,,,,,,,,,,,,,,,,
2079,2609,,,,,,,,,,,,,,,,,,,,,,,,,,,,,,,,,,,,,,,,,
395,1688,1940,1950,2478,,,,,,,,,,,,,,,,,,,,,,,,,,,,,,,,,,,,,,
68,121,233,283,595,731,879,979,1632,1693,1703,1778,1779,1825,1845,1966,1979,1990,2007,,,,,,,,,,,,,,,,,,,,,,,,
411,1725,,,,,,,,,,,,,,,,,,,,,,,,,,,,,,,,,,,,,,,,,
934,2407,,,,,,,,,,,,,,,,,,,,,,,,,,,,,,,,,,,,,,,,,
1104,1260,,,,,,,,,,,,,,,,,,,,,,,,,,,,,,,,,,,,,,,,,
799,1465,,,,,,,,,,,,,,,,,,,,,,,,,,,,,,,,,,,,,,,,,
319,1343,,,,,,,,,,,,,,,,,,,,,,,,,,,,,,,,,,,,,,,,,
158,707,,,,,,,,,,,,,,,,,,,,,,,,,,,,,,,,,,,,,,,,,
205,600,,,,,,,,,,,,,,,,,,,,,,,,,,,,,,,,,,,,,,,,,
39,331,631,882,1366,2129,2570,,,,,,,,,,,,,,,,,,,,,,,,,,,,,,,,,,,,
82,2225,2627,,,,,,,,,,,,,,,,,,,,,,,,,,,,,,,,,,,,,,,,
492,1193,1816,2323,,,,,,,,,,,,,,,,,,,,,,,,,,,,,,,,,,,,,,,
1007,1919,2426,2431,,,,,,,,,,,,,,,,,,,,,,,,,,,,,,,,,,,,,,,
591,786,1004,2483,,,,,,,,,,,,,,,,,,,,,,,,,,,,,,,,,,,,,,,
1050,1310,1492,1499,,,,,,,,,,,,,,,,,,,,,,,,,,,,,,,,,,,,,,,
357,1563,1790,2464,,,,,,,,,,,,,,,,,,,,,,,,,,,,,,,,,,,,,,,
609,714,1518,1670,1999,2003,2264,2515,2518,2519,,,,,,,,,,,,,,,,,,,,,,,,,,,,,,,,,
388,705,2590,,,,,,,,,,,,,,,,,,,,,,,,,,,,,,,,,,,,,,,,
333,463,,,,,,,,,,,,,,,,,,,,,,,,,,,,,,,,,,,,,,,,,
211,1894,,,,,,,,,,,,,,,,,,,,,,,,,,,,,,,,,,,,,,,,,
1972,2620,,,,,,,,,,,,,,,,,,,,,,,,,,,,,,,,,,,,,,,,,
9,171,,,,,,,,,,,,,,,,,,,,,,,,,,,,,,,,,,,,,,,,,
1175,1628,2309,,,,,,,,,,,,,,,,,,,,,,,,,,,,,,,,,,,,,,,,
833,1516,,,,,,,,,,,,,,,,,,,,,,,,,,,,,,,,,,,,,,,,,
1323,2569,,,,,,,,,,,,,,,,,,,,,,,,,,,,,,,,,,,,,,,,,
163,2703,,,,,,,,,,,,,,,,,,,,,,,,,,,,,,,,,,,,,,,,,
26,441,690,724,809,812,814,919,1044,1080,1110,1190,1222,1229,1321,1365,1615,1639,1748,1858,1903,2243,2244,2245,2297,2304,2457,2471,2481,2528,2612,2625,,,,,,,,,,,
580,817,818,819,1212,,,,,,,,,,,,,,,,,,,,,,,,,,,,,,,,,,,,,,
402,403,681,,,,,,,,,,,,,,,,,,,,,,,,,,,,,,,,,,,,,,,,
52,434,479,634,717,835,901,1248,1339,1413,1552,1553,1568,1570,1589,1618,1678,1908,2057,2473,2593,,,,,,,,,,,,,,,,,,,,,,
582,1085,1292,1301,1498,1963,2057,2070,2195,2602,2636,2640,,,,,,,,,,,,,,,,,,,,,,,,,,,,,,,
1198,1912,,,,,,,,,,,,,,,,,,,,,,,,,,,,,,,,,,,,,,,,,
1942,2573,,,,,,,,,,,,,,,,,,,,,,,,,,,,,,,,,,,,,,,,,
